species,species_code,elevation,soil_code,sepal_length,sepal_width,petal_length,petal_width,petal_curvature_mm,leaf_area_cm2
setosa,0,161.8,2,5.16,3.41,1.64,0.26,5.33,53.21
setosa,0,291.4,0,5.48,4.05,1.53,0.37,5.9,52.53
setosa,0,144.3,2,5.1,2.8,1.47,0.38,5.66,50.25
setosa,0,114.6,0,4.64,3.44,1.53,0.17,4.51,50.85
setosa,0,110.9,1,4.85,2.87,1.23,0.26,4.03,40.57
setosa,0,164.4,0,4.91,3.19,1.86,0.35,6.18,48.14
setosa,0,239.9,0,4.47,3.91,1.42,0.41,6.13,46.59
setosa,0,101.5,1,5.05,4.13,1.59,0.22,5.09,46.7
setosa,0,227.3,0,5.2,3.22,1.44,0.21,4.36,53.0
setosa,0,55.3,2,4.68,2.95,1.59,0.15,5.48,45.7
setosa,0,154.7,0,4.85,3.68,1.53,0.36,4.95,46.98
setosa,0,244.0,0,4.68,4.09,1.12,0.24,4.94,39.56
setosa,0,134.7,0,5.35,3.5,1.66,0.2,5.45,48.53
setosa,0,190.9,1,5.23,3.78,1.38,0.33,5.17,44.56
setosa,0,101.2,0,5.4,4.1,1.34,0.29,4.41,50.4
setosa,0,235.5,0,4.48,3.31,1.4,0.27,4.84,45.24
setosa,0,63.1,2,5.22,3.32,1.81,0.35,5.33,50.52
setosa,0,263.1,0,5.01,4.27,1.55,0.28,5.26,49.28
setosa,0,99.5,0,4.34,3.96,1.62,0.49,5.13,58.36
setosa,0,268.6,0,4.95,2.92,1.65,0.28,5.47,52.49
setosa,0,138.1,0,5.77,3.45,1.45,0.33,4.82,40.8
setosa,0,230.7,2,5.18,2.96,1.26,0.22,5.09,43.68
setosa,0,129.8,2,5.34,3.15,1.33,0.2,3.31,50.28
setosa,0,276.5,1,4.75,2.8,1.15,0.31,4.78,45.35
setosa,0,81.7,0,5.15,3.58,1.63,0.29,5.38,35.16
setosa,0,94.6,1,5.16,3.14,1.36,0.27,4.8,56.75
setosa,0,173.3,1,5.57,3.4,1.43,0.32,4.77,53.6
setosa,0,70.5,0,4.58,3.68,1.6,0.3,4.48,52.6
setosa,0,99.0,2,5.16,3.02,1.64,0.43,5.5,46.96
setosa,0,285.9,2,5.32,3.12,1.59,0.15,5.27,52.14
setosa,0,294.1,0,5.35,3.16,1.66,0.24,5.41,46.48
setosa,0,144.1,0,4.91,3.52,1.61,0.48,4.14,51.02
setosa,0,280.8,2,4.35,2.75,1.39,0.22,4.92,45.4
setosa,0,186.2,0,4.63,4.47,1.18,0.47,4.86,57.58
setosa,0,117.4,0,5.46,3.15,1.29,0.3,4.86,42.15
setosa,0,225.6,0,4.39,3.83,1.56,0.43,4.69,56.16
setosa,0,214.7,2,4.48,2.4,1.54,0.27,4.83,50.19
setosa,0,297.3,1,4.96,3.61,1.64,0.34,5.42,47.55
setosa,0,116.3,1,5.37,3.01,1.2,0.31,4.04,50.84
setosa,0,218.0,0,4.52,3.95,1.91,0.42,5.89,53.67
setosa,0,63.0,2,5.74,2.73,1.54,0.32,5.24,56.83
setosa,0,78.4,0,5.53,4.56,1.77,0.36,4.98,51.57
setosa,0,51.0,2,4.9,2.56,1.51,0.23,5.45,45.55
setosa,0,299.9,0,5.01,4.05,1.35,0.34,4.27,50.28
setosa,0,250.6,2,4.87,3.85,1.5,0.37,4.67,59.08
setosa,0,246.7,2,4.57,3.12,1.56,0.24,4.94,56.74
setosa,0,177.4,1,5.09,3.47,1.69,0.35,5.68,54.54
setosa,0,125.0,0,5.14,4.06,1.44,0.21,4.98,53.98
setosa,0,87.8,1,5.33,3.63,1.63,0.26,5.23,53.5
setosa,0,121.2,1,5.31,2.94,1.44,0.29,4.71,55.79
setosa,0,144.0,2,5.63,3.26,1.7,0.27,5.24,47.72
setosa,0,239.1,0,5.04,3.92,1.4,0.21,5.84,43.22
setosa,0,184.9,2,5.09,3.27,1.51,0.59,5.5,50.35
setosa,0,69.4,2,5.11,3.14,1.77,0.26,4.96,45.91
setosa,0,54.5,2,5.0,2.9,1.41,0.24,5.34,44.72
setosa,0,75.6,0,5.49,3.03,1.97,0.18,5.29,46.4
setosa,0,152.6,0,4.99,3.43,1.39,0.55,5.25,62.43
setosa,0,283.3,2,4.66,2.97,1.42,0.33,5.56,50.68
setosa,0,209.4,0,5.67,4.02,1.58,0.29,5.55,51.81
setosa,0,250.5,2,4.62,3.15,1.07,0.25,4.94,43.89
setosa,0,166.6,0,5.01,3.97,1.24,0.33,5.32,40.78
setosa,0,140.4,0,5.04,3.48,1.33,0.27,4.81,45.9
setosa,0,77.1,1,4.8,3.89,1.99,0.32,4.54,57.19
setosa,0,269.0,2,4.39,2.83,1.92,0.29,4.87,51.67
setosa,0,245.8,1,5.06,3.81,1.81,0.22,4.96,52.99
setosa,0,92.0,1,4.08,3.03,1.29,0.29,4.17,53.69
setosa,0,178.1,2,5.45,2.47,1.48,0.17,5.43,47.04
setosa,0,171.8,2,5.43,2.38,1.33,0.2,3.62,56.94
setosa,0,206.3,0,4.55,4.0,1.83,0.37,6.36,46.84
setosa,0,286.5,2,4.95,2.82,1.6,0.28,5.75,57.03
setosa,0,194.9,1,5.45,2.84,1.45,0.34,4.87,52.21
setosa,0,185.1,1,4.8,3.58,1.8,0.1,5.0,41.05
setosa,0,62.6,2,5.14,2.69,1.54,0.24,5.15,46.26
setosa,0,65.7,1,5.26,3.16,1.31,0.37,4.71,41.08
setosa,0,96.8,0,5.55,4.1,1.86,0.34,5.1,55.82
setosa,0,58.1,1,5.49,3.59,1.37,0.26,4.93,49.88
setosa,0,235.8,0,5.27,3.57,1.45,0.28,4.95,38.86
setosa,0,230.8,1,4.84,3.79,1.58,0.29,5.09,51.88
setosa,0,84.0,0,5.68,3.66,1.62,0.36,4.34,47.31
setosa,0,259.0,0,4.97,3.63,1.56,0.27,5.02,42.58
setosa,0,88.7,2,5.01,3.72,1.63,0.35,5.08,58.39
setosa,0,125.3,0,5.7,3.94,1.36,0.24,5.06,50.54
setosa,0,112.2,2,5.19,2.55,1.64,0.29,4.89,48.53
setosa,0,143.1,1,5.6,3.32,1.67,0.25,5.57,48.0
setosa,0,113.7,1,5.32,3.14,1.39,0.21,4.82,42.43
setosa,0,172.2,1,4.94,3.19,1.4,0.26,5.11,43.48
setosa,0,151.9,0,4.43,3.23,1.54,0.39,5.65,56.42
setosa,0,296.6,1,5.0,3.96,1.22,0.33,4.96,47.63
setosa,0,64.0,1,5.22,3.05,1.8,0.27,5.11,50.11
setosa,0,85.5,2,5.3,2.59,1.58,0.16,4.95,39.78
setosa,0,63.2,2,5.11,2.96,1.66,0.37,5.62,43.41
setosa,0,206.5,1,4.99,3.45,1.61,0.27,4.87,53.05
setosa,0,63.6,1,5.26,3.47,1.62,0.26,5.64,51.89
setosa,0,259.1,0,5.69,3.43,1.67,0.49,4.95,58.77
setosa,0,178.0,0,5.71,3.43,1.58,0.37,4.57,56.71
setosa,0,181.8,1,4.16,3.13,1.36,0.24,5.34,48.85
setosa,0,190.4,2,5.05,3.49,1.37,0.25,4.85,52.36
setosa,0,92.7,1,4.88,3.61,1.81,0.25,5.31,48.42
setosa,0,99.4,0,5.72,3.68,1.19,0.5,3.64,60.27
setosa,0,129.7,2,5.27,3.32,1.32,0.36,5.0,55.75
setosa,0,198.4,2,4.91,2.8,1.29,0.14,4.77,50.85
setosa,0,102.5,0,4.86,3.63,1.45,0.35,4.47,51.0
setosa,0,79.1,1,5.55,3.01,1.7,0.31,4.72,57.22
setosa,0,292.5,1,5.05,3.14,1.07,0.47,4.71,52.9
setosa,0,55.5,1,5.73,3.52,1.98,0.32,4.98,57.79
setosa,0,250.7,0,4.74,4.15,1.7,0.41,4.32,39.03
setosa,0,247.0,2,4.59,3.15,1.6,0.38,5.16,52.31
setosa,0,124.3,0,4.82,2.91,1.85,0.19,5.68,47.42
setosa,0,83.9,1,5.84,3.44,1.59,0.39,5.14,58.78
setosa,0,86.4,0,4.66,3.72,1.92,0.27,5.4,57.73
setosa,0,224.4,2,4.18,2.86,1.5,0.33,5.55,50.16
setosa,0,210.7,0,5.08,3.38,1.3,0.47,5.62,57.68
setosa,0,245.7,1,4.93,3.76,1.42,0.34,5.94,58.92
setosa,0,284.4,2,4.72,2.64,1.34,0.25,4.75,50.37
setosa,0,223.0,0,4.78,3.31,1.46,0.28,4.64,62.36
setosa,0,89.0,0,4.93,3.81,1.94,0.35,5.39,49.84
setosa,0,110.9,2,5.42,3.16,1.55,0.27,5.35,48.93
setosa,0,260.5,2,4.82,2.15,1.36,0.29,5.39,54.33
setosa,0,102.3,1,5.88,3.26,1.39,0.44,5.94,48.23
setosa,0,68.1,2,6.36,3.16,1.7,0.26,5.01,50.43
setosa,0,225.8,1,4.39,3.53,1.48,0.28,5.21,57.05
setosa,0,150.6,0,4.67,3.24,1.4,0.12,4.51,50.1
setosa,0,280.0,1,4.84,4.07,1.9,0.4,6.07,41.52
setosa,0,212.6,0,5.46,3.91,1.49,0.25,4.83,51.84
setosa,0,72.6,2,4.88,2.49,1.4,0.2,4.85,46.52
setosa,0,287.0,0,4.45,4.1,1.57,0.55,4.83,54.33
setosa,0,114.6,2,5.07,2.73,1.51,0.2,4.68,53.48
setosa,0,134.3,0,5.46,3.81,1.61,0.27,4.64,57.36
setosa,0,150.6,0,4.73,4.04,1.41,0.26,4.74,54.54
setosa,0,62.8,0,5.28,4.12,1.53,0.27,4.32,55.45
setosa,0,174.1,0,4.65,3.95,1.13,0.34,4.61,46.65
setosa,0,80.8,1,4.7,3.54,1.55,0.25,5.97,54.02
setosa,0,150.2,0,5.18,3.11,1.56,0.33,5.37,59.84
setosa,0,137.7,1,4.97,3.33,1.54,0.21,5.46,46.56
setosa,0,243.2,2,5.29,2.68,1.49,0.26,5.59,59.0
setosa,0,250.8,2,5.06,3.26,1.77,0.17,5.92,47.25
setosa,0,88.4,1,5.41,3.3,1.0,0.18,4.11,45.74
setosa,0,141.6,2,5.3,2.98,1.62,0.18,4.39,51.48
setosa,0,143.3,2,5.42,2.81,1.72,0.3,4.6,53.58
setosa,0,87.9,0,5.45,3.49,1.45,0.31,4.77,54.56
setosa,0,249.6,0,5.17,3.61,1.49,0.48,4.85,45.19
setosa,0,226.8,0,4.21,3.38,1.73,0.26,4.78,52.17
setosa,0,97.6,1,5.27,4.14,1.24,0.29,5.11,46.57
setosa,0,141.7,1,5.48,2.54,1.66,0.22,5.02,42.56
setosa,0,76.5,2,4.68,3.17,1.61,0.24,4.64,45.36
setosa,0,207.1,0,5.11,4.76,1.46,0.2,3.91,46.25
setosa,0,80.3,1,5.12,3.04,1.56,0.3,4.5,52.61
setosa,0,296.5,1,4.96,3.21,1.53,0.27,4.73,55.76
setosa,0,245.2,0,5.2,3.6,1.5,0.33,4.88,42.63
setosa,0,147.6,1,5.11,3.54,1.5,0.19,4.44,51.76
setosa,0,194.6,0,5.18,4.22,1.64,0.16,4.75,44.12
setosa,0,277.8,2,4.64,2.54,1.46,0.39,4.43,53.15
setosa,0,188.5,2,5.09,2.8,1.19,0.31,4.94,46.89
setosa,0,93.6,2,6.15,2.85,1.55,0.13,4.46,44.74
setosa,0,144.7,0,5.43,3.83,1.59,0.38,4.58,54.0
setosa,0,260.8,1,5.54,3.91,1.21,0.32,4.35,47.07
setosa,0,211.1,2,4.55,2.83,1.73,0.2,4.92,48.42
setosa,0,212.7,2,4.25,3.37,1.39,0.26,4.57,38.9
setosa,0,266.7,2,4.56,2.47,1.48,0.29,5.45,54.73
setosa,0,273.5,1,4.48,2.95,1.54,0.4,5.2,54.1
setosa,0,279.9,1,4.84,2.79,1.34,0.45,4.97,50.03
setosa,0,73.7,0,4.21,3.6,1.46,0.25,4.6,42.36
setosa,0,186.0,2,5.58,3.41,1.48,0.35,5.19,56.05
setosa,0,235.1,1,5.77,3.38,1.46,0.2,5.35,46.67
setosa,0,239.2,0,4.96,3.68,1.53,0.29,5.07,47.73
setosa,0,201.7,2,4.95,2.75,1.54,0.29,5.8,61.56
setosa,0,91.7,1,5.16,3.93,1.5,0.28,5.23,46.48
setosa,0,249.4,1,5.35,2.62,1.04,0.44,5.46,53.71
setosa,0,230.0,0,4.43,3.35,1.5,0.27,5.07,52.81
setosa,0,71.5,2,5.61,3.28,1.34,0.44,5.34,51.95
setosa,0,166.0,2,4.73,2.98,1.51,0.18,4.6,51.41
setosa,0,93.5,1,5.15,3.19,1.3,0.35,4.77,51.88
setosa,0,134.4,2,5.14,3.24,1.73,0.3,5.17,51.36
setosa,0,54.5,0,5.48,3.63,1.43,0.38,5.17,49.74
setosa,0,150.1,1,5.25,3.3,1.54,0.25,5.25,57.56
setosa,0,187.5,1,4.61,2.82,1.33,0.42,5.55,43.44
setosa,0,204.9,0,4.49,4.5,1.2,0.35,4.29,55.11
setosa,0,215.9,1,4.99,3.35,1.17,0.38,4.51,54.11
setosa,0,259.1,2,4.92,3.18,1.37,0.32,5.11,53.49
setosa,0,103.9,2,5.17,3.05,1.57,0.29,4.64,55.58
setosa,0,80.1,1,4.74,3.75,1.89,0.22,6.69,49.54
setosa,0,262.9,0,4.86,3.89,1.53,0.27,5.26,40.66
setosa,0,89.2,0,5.33,3.37,1.52,0.24,4.96,49.64
setosa,0,293.7,2,5.25,3.15,1.54,0.09,4.74,45.04
setosa,0,260.6,0,5.47,4.1,1.5,0.38,4.76,46.34
setosa,0,175.2,1,4.65,3.33,1.12,0.16,5.02,43.79
setosa,0,295.4,1,4.95,3.12,1.6,0.22,5.06,47.61
setosa,0,74.3,2,4.88,2.43,1.47,0.11,4.77,47.02
setosa,0,125.8,2,4.79,3.67,1.33,0.26,4.86,38.11
setosa,0,209.6,2,4.63,3.14,1.63,0.32,5.67,53.5
setosa,0,137.5,0,6.28,3.79,1.62,0.41,5.69,61.1
setosa,0,282.1,1,4.9,4.05,1.61,0.3,5.13,53.03
setosa,0,66.4,1,5.51,3.18,1.36,0.42,4.33,48.99
setosa,0,187.4,1,5.1,2.76,1.67,0.34,5.27,49.73
setosa,0,197.7,2,4.86,3.01,1.38,0.28,5.78,47.9
setosa,0,213.2,1,5.04,3.53,1.49,0.24,5.68,50.45
setosa,0,113.9,0,5.55,3.93,1.74,0.43,5.37,49.81
setosa,0,141.1,0,5.35,3.82,1.69,0.16,5.71,45.79
setosa,0,260.9,1,4.58,3.75,1.53,0.23,5.03,58.41
setosa,0,98.7,2,5.24,2.85,1.57,0.28,5.31,42.56
setosa,0,256.7,1,4.95,3.27,1.69,0.23,4.66,53.59
setosa,0,190.7,0,4.96,3.45,1.49,0.26,5.15,49.49
setosa,0,240.5,0,4.9,3.68,1.8,0.33,5.66,59.5
setosa,0,228.4,0,5.25,3.17,1.7,0.34,4.71,51.7
setosa,0,101.9,1,5.26,3.82,1.6,0.33,4.57,48.2
setosa,0,192.2,0,5.67,3.62,1.38,0.45,5.05,48.76
setosa,0,266.9,2,5.45,2.77,1.45,0.32,4.89,50.2
setosa,0,158.0,1,4.39,3.06,1.44,0.26,5.32,44.29
setosa,0,291.6,1,4.85,3.58,1.26,0.24,4.77,46.17
setosa,0,163.1,0,5.19,3.5,1.8,0.23,5.86,41.08
setosa,0,85.7,0,4.81,3.93,1.58,0.29,4.36,45.39
setosa,0,147.4,2,5.39,3.81,1.71,0.32,5.63,50.47
setosa,0,287.9,1,4.7,3.31,1.44,0.22,4.62,51.5
setosa,0,129.9,0,5.68,3.45,1.29,0.36,4.1,40.1
setosa,0,267.0,2,4.68,3.04,1.31,0.3,5.12,49.31
setosa,0,270.3,0,5.46,4.54,1.61,0.15,4.87,52.82
setosa,0,137.5,1,5.35,3.48,1.34,0.26,4.45,49.19
setosa,0,70.8,0,5.19,3.43,1.67,0.42,4.16,46.83
setosa,0,231.1,1,4.88,4.07,1.13,0.28,5.0,47.94
setosa,0,127.9,0,5.2,4.15,1.51,0.36,5.49,47.3
setosa,0,245.7,1,4.71,3.9,2.04,0.23,5.29,46.82
setosa,0,160.7,2,5.13,2.76,1.67,0.35,5.03,50.87
setosa,0,171.3,1,5.26,3.54,1.59,0.45,5.24,61.54
setosa,0,244.5,2,5.35,3.18,1.65,0.32,4.99,46.28
setosa,0,145.6,1,5.68,3.13,1.49,0.27,4.29,48.41
setosa,0,160.8,2,4.92,3.37,1.37,0.24,4.29,49.74
setosa,0,144.0,0,4.76,4.05,1.64,0.3,4.9,46.56
setosa,0,141.8,1,5.17,3.71,1.81,0.52,4.92,55.49
setosa,0,181.5,0,4.78,3.82,1.41,0.49,5.43,38.15
setosa,0,252.2,2,4.73,2.9,1.58,0.28,5.38,47.34
setosa,0,140.4,1,5.3,3.17,1.92,0.2,5.3,54.09
setosa,0,181.1,1,4.7,3.69,1.69,0.19,4.86,48.53
setosa,0,217.7,0,4.69,4.52,1.72,0.24,4.31,45.9
setosa,0,117.4,1,5.4,3.2,1.24,0.18,5.21,52.2
setosa,0,119.4,1,5.4,3.27,1.53,0.37,5.26,54.53
setosa,0,283.4,0,5.14,3.67,0.96,0.44,3.81,51.05
setosa,0,230.9,1,4.37,3.1,1.63,0.22,4.58,45.99
setosa,0,194.3,0,4.82,3.98,1.48,0.33,4.65,52.28
setosa,0,211.9,0,4.86,4.1,1.25,0.44,5.06,47.99
setosa,0,57.3,0,5.47,3.92,1.57,0.39,4.6,53.73
setosa,0,204.5,0,5.03,4.08,1.57,0.5,4.98,57.42
setosa,0,177.4,0,4.57,4.29,1.35,0.4,4.89,36.97
setosa,0,186.4,2,4.96,2.72,1.39,0.2,4.92,50.56
setosa,0,139.9,2,5.03,2.3,1.66,0.16,4.64,41.32
setosa,0,70.4,0,4.76,4.05,1.55,0.14,4.68,62.21
setosa,0,98.3,2,4.89,2.73,1.68,0.22,4.46,47.66
setosa,0,287.7,2,5.44,3.18,1.46,0.23,5.19,53.73
setosa,0,152.2,1,4.99,2.69,1.48,0.33,5.29,49.82
setosa,0,166.7,0,4.54,3.63,1.35,0.25,4.61,45.98
setosa,0,63.2,2,5.02,3.13,1.91,0.35,5.76,45.39
setosa,0,59.4,1,5.3,3.19,1.97,0.34,4.84,57.93
setosa,0,229.3,1,5.24,3.61,1.65,0.39,5.77,54.78
setosa,0,184.5,0,5.41,3.9,1.65,0.32,4.68,59.72
setosa,0,177.2,0,5.49,3.81,1.62,0.27,3.99,50.28
setosa,0,110.8,1,5.11,3.61,1.59,0.23,5.2,51.44
setosa,0,236.2,0,4.86,4.59,1.46,0.33,5.12,48.66
setosa,0,92.1,0,5.27,3.79,1.89,0.37,5.02,48.56
setosa,0,97.5,1,5.12,2.69,1.57,0.19,4.68,44.79
setosa,0,165.2,1,4.73,4.07,1.46,0.41,4.98,50.42
setosa,0,121.6,0,5.37,4.09,1.29,0.19,4.74,46.05
setosa,0,111.9,2,5.62,2.87,1.84,0.24,4.85,52.21
setosa,0,211.3,0,5.13,3.1,1.47,0.44,5.42,50.85
setosa,0,212.7,2,4.72,3.04,1.78,0.35,5.09,51.44
setosa,0,256.1,1,4.76,3.17,1.62,0.37,5.3,58.38
setosa,0,154.4,2,5.08,2.7,1.49,0.3,4.88,49.81
setosa,0,68.3,1,5.7,2.78,1.73,0.08,4.83,53.78
setosa,0,118.4,0,4.82,4.34,1.64,0.18,4.42,60.26
setosa,0,295.0,0,4.94,4.05,1.38,0.4,4.81,56.53
setosa,0,199.1,1,5.27,3.19,1.33,0.13,3.34,55.77
setosa,0,227.4,1,5.39,3.72,1.19,0.24,4.7,48.47
setosa,0,51.8,1,5.12,4.15,1.48,0.28,4.96,51.15
setosa,0,179.6,0,5.21,3.73,1.61,0.3,5.28,43.41
setosa,0,59.4,0,5.2,3.72,1.4,0.37,4.87,52.49
setosa,0,192.3,2,5.16,2.85,1.62,0.27,5.17,51.37
setosa,0,280.2,1,5.22,3.47,1.36,0.08,3.91,50.12
setosa,0,292.1,2,5.66,2.79,1.72,0.05,4.97,55.14
setosa,0,185.1,0,5.08,3.29,1.55,0.17,4.16,43.96
setosa,0,164.6,2,4.89,3.02,1.26,0.43,4.4,58.17
setosa,0,286.3,2,4.98,3.03,1.57,0.33,4.91,54.51
setosa,0,218.4,0,4.98,4.17,1.89,0.38,5.64,49.65
setosa,0,66.2,0,5.47,3.24,1.76,0.45,5.19,49.26
setosa,0,166.4,1,5.02,3.18,1.81,0.21,5.01,52.4
setosa,0,110.1,2,5.39,3.07,1.68,0.27,4.99,57.6
setosa,0,167.5,0,4.8,4.11,1.72,0.35,4.64,50.51
setosa,0,163.9,0,5.12,4.08,1.67,0.21,4.73,50.72
setosa,0,195.5,2,4.86,2.8,1.38,0.38,5.21,50.09
setosa,0,139.2,0,4.88,3.27,1.49,0.35,4.31,58.91
setosa,0,91.1,1,4.91,2.55,1.79,0.29,5.3,48.16
setosa,0,175.9,1,5.46,3.68,1.23,0.21,4.81,49.85
setosa,0,257.6,2,5.29,2.81,1.46,0.44,5.41,57.32
setosa,0,216.0,1,4.41,2.82,1.22,0.46,5.48,50.74
setosa,0,134.6,0,5.8,3.97,1.62,0.56,4.16,55.69
setosa,0,283.9,0,5.13,3.98,1.44,0.43,4.71,45.44
setosa,0,278.1,0,4.64,3.6,1.52,0.26,4.57,48.97
setosa,0,102.3,0,4.91,3.33,1.12,0.35,4.09,57.42
setosa,0,59.9,2,5.58,2.35,1.52,0.32,4.48,46.62
setosa,0,235.3,1,4.56,3.32,1.41,0.44,6.22,49.24
setosa,0,256.9,1,4.93,2.82,1.46,0.29,5.3,51.28
setosa,0,292.0,0,4.33,3.82,1.36,0.42,5.96,45.05
setosa,0,272.5,2,4.95,3.31,1.45,0.32,5.41,47.93
setosa,0,200.1,0,4.95,3.76,1.43,0.27,4.63,50.56
setosa,0,182.5,0,4.66,3.5,1.42,0.35,4.81,50.23
setosa,0,57.0,2,4.85,2.69,1.41,0.4,5.29,56.4
setosa,0,111.7,2,5.17,3.33,1.5,0.36,5.22,57.71
setosa,0,164.9,0,4.58,4.5,1.36,0.29,4.71,45.72
setosa,0,207.1,1,5.15,3.55,1.22,0.28,4.25,50.56
setosa,0,189.3,0,4.94,3.66,1.64,0.4,6.64,53.37
setosa,0,235.7,1,4.76,2.93,1.72,0.49,4.93,57.58
setosa,0,119.9,1,4.94,4.0,1.53,0.51,4.84,53.59
setosa,0,191.2,2,5.11,3.47,1.79,0.22,5.06,51.45
setosa,0,72.0,2,5.06,2.67,1.48,0.27,4.88,53.33
setosa,0,153.4,0,4.92,3.48,1.48,0.19,5.06,53.37
setosa,0,237.5,1,4.98,3.67,1.55,0.18,5.64,45.36
setosa,0,223.4,1,5.34,2.92,1.11,0.33,4.94,50.96
setosa,0,297.7,0,4.7,3.94,1.75,0.38,4.42,57.3
setosa,0,119.5,0,5.45,3.3,1.67,0.32,4.92,48.96
setosa,0,174.5,0,4.86,3.54,1.57,0.16,4.77,50.65
setosa,0,132.4,2,5.67,3.19,1.49,0.39,5.71,48.79
setosa,0,160.2,0,5.25,3.71,1.25,0.3,5.59,38.43
setosa,0,264.2,0,4.98,3.63,1.84,0.38,5.05,50.1
setosa,0,221.1,1,5.16,3.78,1.38,0.29,4.36,51.51
setosa,0,270.6,0,4.26,3.97,1.25,0.18,4.39,47.44
setosa,0,100.9,1,5.35,4.35,1.32,0.12,5.01,44.23
setosa,0,268.3,1,4.9,3.34,1.45,0.36,5.17,45.6
setosa,0,64.9,2,5.39,3.0,1.71,0.26,4.81,53.82
setosa,0,272.1,0,4.9,3.46,1.48,0.4,4.76,59.86
setosa,0,132.3,0,5.3,3.77,1.73,0.24,4.7,56.91
setosa,0,128.6,1,5.2,3.71,1.66,0.36,4.99,43.28
setosa,0,178.0,2,4.93,2.6,1.76,0.19,3.81,54.27
setosa,0,285.2,2,4.68,2.95,1.23,0.2,4.45,46.68
setosa,0,61.9,0,5.16,3.97,1.46,0.39,4.69,47.09
setosa,0,138.1,1,4.87,3.29,1.61,0.16,5.6,47.69
setosa,0,264.1,0,5.44,4.28,1.26,0.37,4.59,53.53
setosa,0,149.0,0,5.32,3.69,1.56,0.5,5.09,54.8
setosa,0,99.8,0,5.1,3.73,1.49,0.29,5.11,49.51
setosa,0,156.2,0,5.04,4.16,1.56,0.36,5.65,49.59
setosa,0,146.4,1,4.33,3.77,1.87,0.2,5.63,52.32
setosa,0,278.9,2,4.52,2.33,1.18,0.28,4.97,52.84
setosa,0,240.5,0,4.73,2.75,1.48,0.46,4.76,55.88
setosa,0,176.3,0,4.34,3.78,1.32,0.32,4.67,43.58
setosa,0,297.1,0,4.95,3.25,1.54,0.32,4.88,50.1
setosa,0,166.3,0,4.87,3.3,1.66,0.27,4.78,44.66
setosa,0,64.6,2,5.21,3.41,1.54,0.2,5.28,49.75
setosa,0,115.6,2,5.78,2.89,1.31,0.17,5.21,48.87
setosa,0,159.0,2,4.71,3.54,1.45,0.31,5.3,49.77
setosa,0,89.2,2,5.98,2.77,1.78,0.22,5.63,46.0
setosa,0,286.9,0,5.31,4.45,1.62,0.4,5.93,42.56
setosa,0,241.7,1,5.01,3.02,1.34,0.22,5.06,39.53
setosa,0,117.1,2,5.1,3.0,2.03,0.28,5.55,49.34
setosa,0,197.7,2,5.3,2.7,1.29,0.13,4.82,47.84
setosa,0,230.4,0,5.27,4.08,1.13,0.5,5.59,46.62
setosa,0,285.3,0,4.45,4.45,1.68,0.34,5.53,56.61
setosa,0,270.4,0,5.32,3.98,1.46,0.31,5.5,45.7
setosa,0,178.8,0,4.71,4.2,1.53,0.58,5.05,57.08
setosa,0,243.7,1,5.46,3.58,1.47,0.33,4.67,58.12
setosa,0,190.5,1,4.71,3.09,1.42,0.34,4.3,40.25
setosa,0,188.2,2,5.64,2.54,1.29,0.13,4.98,50.46
setosa,0,78.7,1,5.36,3.77,1.63,0.32,5.77,48.0
setosa,0,81.5,2,5.13,3.04,1.66,0.15,4.85,35.44
setosa,0,182.4,2,5.03,3.15,1.52,0.32,5.39,42.78
setosa,0,117.2,1,5.38,2.99,1.69,0.5,5.42,53.87
setosa,0,55.3,2,5.14,3.22,1.75,0.22,4.86,60.1
setosa,0,230.7,0,5.03,4.57,1.85,0.35,5.66,54.51
setosa,0,58.1,2,5.5,2.25,1.5,0.34,3.55,51.62
setosa,0,198.8,0,5.34,3.93,1.59,0.3,4.39,49.89
setosa,0,184.8,1,4.9,3.09,1.45,0.21,4.54,58.41
setosa,0,292.2,1,5.55,3.61,1.35,0.39,4.59,60.74
setosa,0,171.1,2,5.28,2.69,1.21,0.31,5.17,47.07
setosa,0,65.9,0,4.88,3.9,1.46,0.32,5.15,40.0
setosa,0,187.9,2,4.53,2.65,1.44,0.24,5.2,39.51
setosa,0,260.3,1,5.55,3.31,1.67,0.32,5.3,56.61
setosa,0,299.2,2,4.39,2.38,1.43,0.31,4.52,49.76
setosa,0,157.6,2,4.7,3.82,1.26,0.27,4.39,50.92
setosa,0,130.1,0,5.74,4.65,1.41,0.35,5.2,41.05
setosa,0,276.7,1,5.23,3.75,1.93,0.34,4.68,46.23
setosa,0,97.8,2,4.92,2.9,1.5,0.23,4.21,48.52
setosa,0,203.9,0,5.14,4.13,1.52,0.31,5.49,51.04
setosa,0,151.4,2,4.49,2.78,1.55,0.37,5.7,48.01
setosa,0,60.3,0,5.21,3.52,1.55,0.15,5.78,44.81
setosa,0,136.8,0,4.86,4.7,1.88,0.37,5.09,46.08
setosa,0,116.3,2,5.27,2.57,1.75,0.4,5.31,56.04
setosa,0,221.5,1,5.57,3.9,1.4,0.45,5.68,51.22
setosa,0,287.2,1,4.98,2.72,1.46,0.16,4.68,53.06
setosa,0,117.0,0,5.04,3.07,1.57,0.37,5.56,45.51
setosa,0,252.9,1,4.42,2.22,1.41,0.24,5.14,35.23
setosa,0,63.8,0,5.81,3.57,1.61,0.49,5.46,47.38
setosa,0,184.5,1,4.54,3.54,1.36,0.34,5.09,45.67
setosa,0,67.6,2,5.2,2.72,1.78,0.36,5.65,51.75
setosa,0,283.5,1,4.93,3.67,1.32,0.37,5.11,66.43
setosa,0,241.6,0,5.43,3.69,1.61,0.22,4.26,53.48
setosa,0,214.5,0,4.15,4.24,1.6,0.36,5.73,63.68
setosa,0,256.0,1,4.94,3.59,1.58,0.25,4.53,52.84
setosa,0,211.9,2,5.15,2.51,1.33,0.2,5.63,46.85
setosa,0,292.2,0,5.08,3.8,1.4,0.28,4.95,51.74
setosa,0,228.5,0,4.7,3.42,1.37,0.46,5.59,58.9
setosa,0,281.2,0,4.6,3.71,1.59,0.49,5.57,59.15
setosa,0,179.3,0,4.96,3.66,1.66,0.35,5.22,47.12
setosa,0,79.3,0,4.81,2.62,1.46,0.36,5.25,51.27
setosa,0,182.0,2,4.04,2.55,1.5,0.31,5.21,42.85
setosa,0,81.7,1,5.29,3.02,1.59,0.39,3.99,54.12
versicolor,1,198.1,2,5.59,2.28,4.15,1.43,8.12,69.32
versicolor,1,170.6,2,5.94,2.89,3.89,0.91,6.88,60.24
versicolor,1,205.6,0,5.7,2.5,4.31,1.38,8.17,56.0
versicolor,1,52.5,2,6.21,3.23,4.79,1.07,6.86,62.16
versicolor,1,98.7,0,6.09,3.44,4.59,1.19,6.82,62.5
versicolor,1,172.8,2,6.33,2.26,4.41,0.97,9.6,60.49
versicolor,1,287.6,0,5.68,3.49,5.2,1.71,9.07,61.07
versicolor,1,145.9,0,6.57,2.76,4.53,1.61,8.0,58.96
versicolor,1,156.1,2,5.72,2.23,3.95,1.27,8.18,65.98
versicolor,1,228.7,2,6.95,2.06,3.76,1.16,7.75,64.42
versicolor,1,200.9,1,5.78,2.84,4.13,1.54,8.57,54.1
versicolor,1,124.7,1,6.14,3.19,4.02,1.38,7.32,53.94
versicolor,1,152.7,1,6.16,2.85,4.73,1.85,8.99,58.47
versicolor,1,104.4,2,6.51,2.32,4.58,1.06,7.75,64.42
versicolor,1,291.5,2,5.4,2.73,4.25,1.34,7.58,60.89
versicolor,1,82.7,0,5.1,2.83,5.09,1.39,8.02,56.14
versicolor,1,143.0,1,5.74,2.66,5.1,1.27,7.41,61.57
versicolor,1,56.5,0,6.18,2.96,4.96,1.57,8.33,58.02
versicolor,1,105.4,0,7.24,2.94,4.36,1.18,7.46,65.28
versicolor,1,245.1,0,6.39,2.98,4.78,1.84,8.47,62.0
versicolor,1,100.3,0,5.82,3.19,4.96,1.42,9.22,58.11
versicolor,1,70.0,1,6.05,2.86,3.86,1.5,7.28,61.39
versicolor,1,168.6,0,6.21,2.9,4.31,1.4,7.87,67.89
versicolor,1,52.5,2,6.35,2.86,5.03,0.85,8.46,56.58
versicolor,1,71.2,2,6.59,2.43,3.98,0.98,7.56,62.42
versicolor,1,251.9,2,6.2,2.7,4.45,1.2,8.46,59.58
versicolor,1,242.9,1,6.23,3.38,4.45,1.27,8.56,62.56
versicolor,1,278.8,0,6.42,2.98,4.21,1.26,9.08,56.07
versicolor,1,263.6,1,5.6,2.71,3.06,1.41,7.39,60.66
versicolor,1,220.8,0,6.29,2.94,4.4,1.4,7.06,66.65
versicolor,1,63.1,1,6.63,3.08,4.9,1.24,7.69,54.38
versicolor,1,245.7,1,5.55,3.06,3.65,1.47,7.03,52.02
versicolor,1,261.4,0,5.72,2.99,4.38,1.88,8.56,52.25
versicolor,1,249.8,1,6.25,2.32,4.09,1.22,6.84,52.98
versicolor,1,177.1,0,6.37,3.79,3.91,1.4,10.33,63.57
versicolor,1,108.2,2,6.27,2.68,4.55,1.11,9.3,51.56
versicolor,1,261.3,2,6.37,2.45,3.68,1.16,8.01,58.21
versicolor,1,231.8,2,4.52,2.48,4.39,1.29,8.87,63.71
versicolor,1,295.2,1,6.13,3.21,3.75,0.84,6.36,62.5
versicolor,1,88.9,2,7.21,2.81,4.75,1.41,10.52,57.69
versicolor,1,106.4,0,6.34,2.61,5.35,1.57,7.41,61.15
versicolor,1,102.9,2,7.52,2.31,4.35,0.98,7.88,60.64
versicolor,1,248.1,2,5.91,2.94,4.02,1.18,6.14,58.65
versicolor,1,96.7,1,5.86,2.38,4.27,1.34,8.49,58.73
versicolor,1,66.7,0,6.08,2.89,4.13,1.41,6.89,73.41
versicolor,1,299.6,1,5.13,3.06,3.59,1.31,8.1,64.86
versicolor,1,56.2,1,6.2,2.6,4.56,1.02,7.46,74.88
versicolor,1,258.8,0,4.91,3.14,4.31,1.64,6.92,57.02
versicolor,1,141.3,1,6.38,2.57,4.35,1.39,7.2,59.49
versicolor,1,260.4,0,6.37,3.14,4.06,1.26,8.23,52.01
versicolor,1,188.7,2,5.5,1.97,4.96,1.01,6.72,55.14
versicolor,1,275.4,0,6.1,3.36,3.37,1.12,7.25,71.41
versicolor,1,281.5,0,5.61,3.1,3.48,1.67,8.66,56.87
versicolor,1,52.3,0,6.18,2.84,5.6,1.81,10.6,71.52
versicolor,1,68.9,1,6.12,2.41,3.37,1.13,8.48,52.54
versicolor,1,112.6,0,6.08,2.83,4.25,1.39,7.08,53.68
versicolor,1,217.3,0,5.33,3.53,4.24,1.5,7.63,57.95
versicolor,1,272.1,0,6.23,3.24,4.19,1.46,8.03,59.62
versicolor,1,165.0,2,5.63,2.57,4.66,1.19,7.65,65.54
versicolor,1,201.7,0,5.9,2.98,3.78,1.5,8.9,62.7
versicolor,1,97.1,1,5.99,2.87,4.58,0.92,8.22,57.5
versicolor,1,251.2,0,6.52,2.83,4.33,1.3,8.91,59.2
versicolor,1,291.8,0,5.52,3.52,4.54,1.46,7.69,58.09
versicolor,1,117.1,2,6.87,2.17,4.09,1.28,9.33,54.51
versicolor,1,173.7,0,6.0,3.04,4.81,1.3,7.83,54.67
versicolor,1,71.5,1,6.78,2.28,4.37,1.45,7.03,66.17
versicolor,1,189.8,0,6.33,3.23,4.99,1.06,10.18,49.03
versicolor,1,175.7,1,5.39,2.8,3.6,1.19,6.18,69.7
versicolor,1,86.1,2,6.95,2.71,4.24,1.18,7.26,57.94
versicolor,1,160.5,0,5.0,2.79,3.93,1.31,7.37,55.36
versicolor,1,133.5,2,5.65,2.15,5.24,1.47,10.51,64.44
versicolor,1,180.5,0,5.53,3.27,4.47,1.6,9.81,68.91
versicolor,1,196.4,1,6.19,2.81,4.1,1.41,9.49,66.71
versicolor,1,52.1,2,6.25,2.33,4.29,1.09,7.67,63.01
versicolor,1,240.3,0,6.22,3.08,4.39,1.97,10.43,66.52
versicolor,1,228.3,1,6.41,2.87,4.46,1.24,8.37,49.7
versicolor,1,141.6,2,5.44,2.12,4.53,1.26,8.98,56.87
versicolor,1,63.2,0,7.17,3.97,3.94,1.48,8.18,54.53
versicolor,1,238.7,2,5.0,2.29,4.57,1.21,7.95,67.35
versicolor,1,288.8,0,5.8,2.83,3.85,1.23,7.75,57.7
versicolor,1,110.0,1,5.73,2.99,3.63,1.51,7.79,65.07
versicolor,1,130.9,1,4.94,2.69,5.52,1.15,8.61,63.22
versicolor,1,96.0,2,5.59,2.54,5.09,1.44,8.37,54.83
versicolor,1,194.2,2,7.2,1.96,4.03,1.05,7.97,56.48
versicolor,1,88.7,0,7.0,3.06,4.86,1.6,9.51,67.76
versicolor,1,139.0,1,6.39,2.64,4.28,1.04,5.03,55.35
versicolor,1,224.3,0,6.05,3.13,4.45,1.44,8.51,60.75
versicolor,1,190.0,1,4.95,3.19,4.79,1.31,8.72,55.3
versicolor,1,146.6,2,5.97,2.76,4.1,1.09,9.15,58.12
versicolor,1,155.1,0,6.41,3.12,3.27,2.06,7.94,59.72
versicolor,1,190.5,0,6.08,3.21,4.23,1.42,8.21,55.3
versicolor,1,51.5,1,6.13,2.72,4.86,1.32,8.99,54.24
versicolor,1,69.6,1,6.6,1.9,4.55,1.64,9.49,61.72
versicolor,1,270.3,1,5.85,2.62,4.33,1.32,7.7,54.93
versicolor,1,69.5,2,5.85,2.44,5.1,1.23,8.27,55.14
versicolor,1,226.7,0,5.55,3.33,3.94,1.17,9.68,54.37
versicolor,1,280.0,1,6.24,2.9,4.39,1.24,5.88,59.53
versicolor,1,117.7,2,6.82,2.57,4.26,1.12,7.31,65.66
versicolor,1,142.6,1,6.55,3.14,5.21,1.55,9.47,69.04
versicolor,1,192.2,0,5.77,2.79,4.28,1.27,9.09,55.64
versicolor,1,270.4,1,5.56,2.73,3.99,1.34,8.52,72.9
versicolor,1,285.5,0,5.83,2.72,3.32,1.38,7.55,53.97
versicolor,1,234.9,2,5.11,2.1,4.4,1.22,7.12,66.5
versicolor,1,71.7,2,6.78,2.39,4.11,0.92,7.41,55.67
versicolor,1,217.3,1,6.15,2.36,4.13,0.96,9.55,54.77
versicolor,1,152.6,0,6.54,2.66,4.21,1.44,7.37,55.53
versicolor,1,167.7,0,6.79,3.45,2.84,1.45,8.1,59.69
versicolor,1,62.3,0,6.79,2.76,4.57,1.31,7.25,63.48
versicolor,1,97.8,1,6.93,3.62,4.79,1.44,8.84,64.02
versicolor,1,247.6,0,5.84,2.49,4.31,1.29,7.46,54.34
versicolor,1,163.5,0,5.59,3.11,3.84,1.32,7.9,54.06
versicolor,1,125.4,0,6.23,3.03,3.93,1.53,6.32,54.5
versicolor,1,146.0,0,6.76,2.83,4.19,1.41,6.39,59.33
versicolor,1,263.6,1,5.18,2.54,3.9,1.24,8.01,58.74
versicolor,1,237.2,1,6.0,2.81,3.8,1.37,6.67,54.3
versicolor,1,118.1,0,6.51,3.01,5.14,1.49,10.11,61.62
versicolor,1,79.4,0,5.03,2.97,4.53,1.18,5.94,73.58
versicolor,1,113.0,2,6.78,2.58,5.15,1.13,7.2,56.97
versicolor,1,280.2,2,5.55,2.26,4.33,1.07,8.02,57.4
versicolor,1,195.4,0,5.84,3.0,4.45,1.74,7.63,63.36
versicolor,1,183.4,0,5.13,2.29,4.06,1.52,6.9,56.65
versicolor,1,199.1,2,5.67,2.34,3.86,0.88,7.04,64.01
versicolor,1,141.5,2,6.46,2.51,4.16,1.32,7.01,55.69
versicolor,1,251.8,0,6.47,3.16,4.61,1.19,7.71,70.99
versicolor,1,180.8,1,5.11,2.98,4.65,1.14,9.95,62.07
versicolor,1,79.2,1,5.8,3.18,4.74,1.13,8.08,56.28
versicolor,1,82.3,0,5.8,3.2,4.03,1.79,9.18,56.47
versicolor,1,184.2,0,5.6,3.02,4.11,1.58,8.51,56.92
versicolor,1,284.1,2,6.32,2.3,4.38,1.04,9.11,68.24
versicolor,1,127.1,2,4.91,2.32,4.12,0.78,5.2,52.39
versicolor,1,267.4,1,5.85,2.65,5.17,1.4,7.7,55.99
versicolor,1,241.0,0,5.26,3.42,4.36,1.57,9.31,56.63
versicolor,1,112.0,2,6.57,2.35,4.79,1.2,7.43,59.91
versicolor,1,59.1,1,6.2,2.62,5.12,1.49,9.76,58.37
versicolor,1,75.5,1,5.54,2.25,4.6,1.58,9.48,51.05
versicolor,1,232.1,1,5.95,2.83,4.2,1.24,7.53,57.6
versicolor,1,99.9,2,5.41,2.26,4.35,1.38,7.5,59.4
versicolor,1,142.8,2,6.17,2.74,4.29,0.76,6.99,56.23
versicolor,1,175.4,0,5.27,2.94,4.19,1.5,7.37,64.12
versicolor,1,231.4,0,6.58,3.36,3.96,1.35,6.77,65.52
versicolor,1,78.3,1,6.57,3.23,4.16,1.38,8.43,59.53
versicolor,1,151.6,1,5.49,2.42,4.8,1.05,6.54,61.38
versicolor,1,171.3,2,6.29,2.33,4.12,1.16,8.6,47.03
versicolor,1,185.2,2,5.44,2.99,4.12,1.17,8.63,57.47
versicolor,1,254.6,0,6.93,3.08,3.28,1.43,6.34,66.03
versicolor,1,92.9,0,6.17,3.42,4.53,1.38,9.55,57.46
versicolor,1,252.0,0,5.14,2.91,3.29,1.7,8.51,55.58
versicolor,1,223.2,2,5.15,2.61,4.23,1.29,8.75,73.67
versicolor,1,189.0,1,6.06,2.62,5.1,1.03,7.24,70.91
versicolor,1,224.9,0,5.58,3.31,4.54,1.47,8.62,62.81
versicolor,1,153.0,0,6.3,2.71,5.17,1.51,9.13,66.83
versicolor,1,84.6,2,6.99,2.48,3.95,1.16,7.9,46.64
versicolor,1,216.4,0,5.24,3.21,4.26,1.49,10.0,55.27
versicolor,1,181.2,1,5.61,2.87,4.63,1.19,8.04,57.18
versicolor,1,209.8,2,6.94,2.37,4.06,1.21,9.14,58.58
versicolor,1,134.5,0,6.72,2.94,4.26,1.32,8.29,57.06
versicolor,1,276.7,0,6.49,2.77,3.9,1.65,8.59,44.7
versicolor,1,196.8,2,5.56,2.51,3.19,1.16,6.33,62.32
versicolor,1,71.4,2,5.63,2.57,3.57,1.28,8.37,63.26
versicolor,1,162.5,0,5.7,3.38,4.18,1.23,7.27,69.61
versicolor,1,239.1,1,6.83,2.22,4.04,1.29,7.15,55.27
versicolor,1,248.5,2,5.39,1.95,5.15,1.14,9.74,54.78
versicolor,1,173.6,1,5.72,3.18,4.03,1.37,7.79,43.92
versicolor,1,273.7,0,5.24,3.13,3.42,1.35,7.0,58.24
versicolor,1,116.9,1,4.93,2.78,4.79,1.16,7.64,65.41
versicolor,1,152.6,0,6.49,2.69,4.38,1.39,6.7,56.33
versicolor,1,274.6,0,5.08,3.22,4.74,1.81,9.43,72.86
versicolor,1,274.1,0,6.06,2.95,3.92,1.39,7.3,58.46
versicolor,1,221.4,0,5.34,2.75,3.91,1.52,8.53,60.88
versicolor,1,264.7,1,6.18,2.86,4.53,1.1,9.36,51.82
versicolor,1,72.2,0,6.96,2.74,3.68,1.23,7.5,61.72
versicolor,1,266.2,0,6.22,2.96,4.09,1.47,8.53,48.12
versicolor,1,130.2,1,7.24,3.22,4.28,1.58,6.97,64.16
versicolor,1,94.6,2,5.9,2.52,4.87,1.09,10.45,64.35
versicolor,1,109.8,1,6.71,2.34,4.78,1.66,8.94,68.16
versicolor,1,154.5,1,5.65,2.9,4.73,1.09,7.81,53.88
versicolor,1,112.8,1,6.66,2.66,5.23,1.84,7.23,60.96
versicolor,1,130.1,0,6.16,3.7,4.85,1.6,7.89,63.38
versicolor,1,83.7,0,6.72,3.18,4.6,1.53,7.66,62.65
versicolor,1,124.0,0,5.95,2.71,5.06,1.4,9.95,54.81
versicolor,1,193.1,2,6.03,2.77,4.31,1.08,6.77,45.65
versicolor,1,160.5,0,5.35,2.97,4.19,1.63,8.13,62.08
versicolor,1,136.7,2,6.12,2.31,4.84,1.22,7.98,59.09
versicolor,1,236.6,0,6.3,3.22,3.46,1.32,7.88,56.6
versicolor,1,273.4,1,5.9,2.61,4.49,1.31,7.89,64.58
versicolor,1,239.2,0,6.12,2.87,4.46,1.53,7.88,59.73
versicolor,1,133.0,2,5.94,2.12,3.52,1.28,8.87,52.08
versicolor,1,236.1,2,6.33,2.49,4.49,1.04,8.61,48.41
versicolor,1,88.0,0,6.86,3.18,4.78,1.16,8.42,53.23
versicolor,1,82.6,1,5.45,3.04,4.24,1.24,4.97,74.36
versicolor,1,136.4,0,5.49,3.5,3.97,1.21,8.3,64.34
versicolor,1,251.9,0,5.61,2.47,3.75,1.67,6.34,61.13
versicolor,1,111.6,0,6.17,2.91,3.97,1.75,8.65,58.91
versicolor,1,65.8,1,6.94,3.16,4.69,1.4,9.47,58.52
versicolor,1,82.9,2,6.08,2.42,4.16,0.89,7.07,67.0
versicolor,1,264.7,1,6.04,2.69,3.67,1.03,7.74,57.06
versicolor,1,208.4,2,5.8,2.04,4.15,0.93,7.4,63.46
versicolor,1,113.3,2,5.24,2.15,5.07,1.33,9.24,57.91
versicolor,1,188.8,2,5.91,2.07,3.62,1.05,8.1,71.64
versicolor,1,181.9,1,5.99,2.82,3.92,1.22,9.73,64.45
versicolor,1,213.9,0,5.62,3.04,3.9,1.55,8.41,67.47
versicolor,1,108.3,0,5.58,3.31,5.4,1.67,8.24,56.49
versicolor,1,266.1,0,6.32,3.63,4.57,1.23,8.07,66.35
versicolor,1,127.3,0,6.85,3.22,4.0,1.3,8.82,58.12
versicolor,1,223.5,0,6.08,2.66,4.33,1.42,6.26,60.66
versicolor,1,54.0,1,6.22,2.82,5.0,1.6,8.09,69.81
versicolor,1,143.2,1,6.58,2.88,3.96,1.41,7.93,53.74
versicolor,1,137.9,1,6.63,2.41,5.04,1.23,8.73,61.22
versicolor,1,185.9,1,6.02,2.76,4.29,1.31,7.81,62.63
versicolor,1,68.2,1,6.08,2.34,4.45,1.43,6.96,63.12
versicolor,1,247.5,1,5.21,2.98,4.95,1.55,8.01,57.3
versicolor,1,104.4,1,6.56,2.87,4.37,1.4,6.92,72.52
versicolor,1,219.3,0,5.38,2.73,3.64,1.14,6.07,52.23
versicolor,1,250.8,2,6.28,2.81,4.27,1.07,8.73,68.75
versicolor,1,190.5,1,6.15,2.91,3.94,1.37,8.58,67.29
versicolor,1,235.2,2,6.18,2.11,4.33,1.31,8.47,71.41
versicolor,1,215.5,1,5.42,2.71,4.54,1.49,9.3,50.47
versicolor,1,138.9,1,6.85,3.55,4.77,1.23,7.33,54.79
versicolor,1,252.2,0,6.08,3.46,3.72,1.14,6.57,68.95
versicolor,1,123.7,2,5.53,2.59,4.4,1.32,7.93,48.74
versicolor,1,192.8,0,6.81,2.82,3.82,1.78,7.65,50.36
versicolor,1,236.3,0,5.69,3.04,3.91,1.54,7.16,57.07
versicolor,1,144.7,2,6.26,2.2,4.55,0.76,7.92,61.15
versicolor,1,125.7,0,5.71,3.42,4.29,1.76,7.39,69.55
versicolor,1,164.8,1,6.28,2.87,3.9,1.12,6.16,58.89
versicolor,1,254.5,1,5.7,2.48,4.19,1.4,7.56,56.35
versicolor,1,282.5,1,7.4,3.14,3.52,1.08,6.86,61.87
versicolor,1,186.3,1,6.15,2.91,3.62,1.0,8.23,62.82
versicolor,1,215.4,1,5.85,2.96,4.53,1.23,7.34,62.65
versicolor,1,275.8,0,5.73,2.81,4.4,0.98,9.11,58.93
versicolor,1,74.6,0,6.43,2.96,4.72,2.13,9.6,48.27
versicolor,1,108.0,1,6.49,2.95,4.95,1.41,8.68,54.49
versicolor,1,227.2,1,6.16,2.53,5.02,1.02,6.45,68.52
versicolor,1,255.9,0,5.66,2.96,4.64,1.29,9.51,61.12
versicolor,1,264.3,2,5.23,2.37,4.75,1.35,9.58,58.06
versicolor,1,153.8,0,5.8,3.01,4.01,1.14,8.02,66.71
versicolor,1,72.3,0,5.5,2.86,5.74,1.59,9.32,53.22
versicolor,1,159.4,0,5.07,2.47,4.65,1.87,7.45,58.65
versicolor,1,107.7,0,5.86,3.31,5.28,1.44,6.13,60.83
versicolor,1,122.8,0,6.45,3.52,3.14,1.43,7.24,57.35
versicolor,1,243.1,2,5.42,2.42,3.86,1.23,9.73,60.6
versicolor,1,68.9,1,5.76,3.02,4.0,1.12,6.51,58.87
versicolor,1,256.9,1,5.84,2.37,4.67,1.25,8.0,51.6
versicolor,1,156.9,2,7.24,2.07,4.08,1.1,8.03,61.09
versicolor,1,199.0,1,5.97,3.26,4.77,1.38,7.49,52.03
versicolor,1,72.4,1,6.27,3.11,4.58,1.31,7.56,60.99
versicolor,1,134.3,1,5.65,2.78,5.15,1.21,8.07,68.24
versicolor,1,72.4,2,6.99,2.35,4.11,1.09,7.44,58.31
versicolor,1,290.4,2,6.25,1.7,4.04,0.97,6.58,52.97
versicolor,1,251.8,1,6.46,2.64,3.95,1.34,8.22,59.24
versicolor,1,164.9,1,5.51,2.46,3.47,1.5,9.07,55.01
versicolor,1,105.9,1,6.03,2.09,4.3,1.3,8.87,63.57
versicolor,1,283.4,0,6.2,2.71,4.5,1.7,7.19,59.11
versicolor,1,136.1,0,6.69,3.39,4.38,1.4,6.75,70.26
versicolor,1,90.2,0,6.62,3.56,4.23,1.42,7.72,66.98
versicolor,1,190.8,2,5.91,2.73,4.61,1.34,9.57,59.08
versicolor,1,285.9,1,6.62,3.05,4.53,1.17,8.65,64.29
versicolor,1,51.0,2,6.46,2.44,4.42,1.0,8.7,57.64
versicolor,1,109.5,2,7.22,2.78,4.77,1.22,8.89,60.2
versicolor,1,284.6,2,5.35,2.5,4.3,1.31,8.42,57.83
versicolor,1,92.8,1,5.9,2.68,5.63,1.31,8.12,64.6
versicolor,1,78.3,0,6.15,2.57,4.1,1.29,8.66,68.6
versicolor,1,192.5,1,5.43,3.27,4.14,1.45,7.45,64.79
versicolor,1,265.5,1,5.6,3.12,4.35,1.49,6.59,65.53
versicolor,1,169.3,2,6.01,2.57,3.82,1.32,8.72,65.54
versicolor,1,298.6,2,6.2,2.15,3.72,1.08,9.24,63.31
versicolor,1,219.8,2,6.25,2.07,4.27,0.81,6.88,53.16
versicolor,1,68.5,0,5.99,3.29,4.89,1.66,8.82,70.21
versicolor,1,298.2,0,5.43,2.43,4.52,1.45,9.68,70.83
versicolor,1,152.0,0,5.93,3.1,4.38,1.13,8.0,58.6
versicolor,1,121.9,1,6.07,3.08,4.84,1.2,7.18,57.78
versicolor,1,189.5,2,6.14,2.08,4.38,1.24,8.12,63.67
versicolor,1,126.1,1,5.73,2.8,4.92,1.45,7.45,63.3
versicolor,1,71.6,0,6.46,3.45,4.44,1.31,7.38,58.79
versicolor,1,50.4,2,6.61,2.69,5.06,0.87,8.43,52.5
versicolor,1,162.4,0,6.92,3.4,4.2,1.6,6.4,61.83
versicolor,1,259.2,2,5.95,2.49,4.1,1.31,6.56,63.31
versicolor,1,193.1,2,5.48,2.71,4.03,1.36,8.02,64.35
versicolor,1,299.8,1,6.1,2.12,4.32,1.05,7.98,62.1
versicolor,1,121.7,1,5.94,2.76,4.74,1.44,8.34,58.37
versicolor,1,120.1,0,5.7,3.72,5.61,1.49,9.88,65.96
versicolor,1,89.9,1,6.83,3.22,5.42,1.33,8.1,60.4
versicolor,1,91.0,1,6.98,3.34,4.27,1.21,8.6,57.21
versicolor,1,121.3,1,7.36,2.6,4.64,1.05,7.02,58.92
versicolor,1,248.2,2,6.6,2.51,4.01,1.17,8.77,49.52
versicolor,1,276.4,1,5.91,2.96,4.38,1.34,7.47,58.91
versicolor,1,293.8,0,6.02,2.66,3.13,1.34,8.07,64.13
versicolor,1,108.1,2,7.24,2.69,4.63,1.06,7.89,62.04
versicolor,1,270.3,2,5.9,2.25,4.1,1.17,9.03,69.12
versicolor,1,132.1,1,5.68,3.01,4.48,1.09,6.69,58.42
versicolor,1,78.2,2,6.76,2.2,4.58,0.86,5.72,62.92
versicolor,1,267.5,0,5.91,3.3,4.36,1.63,7.79,64.76
versicolor,1,209.0,0,5.85,2.86,4.07,1.46,8.47,74.06
versicolor,1,91.2,2,6.05,2.33,4.39,0.9,8.15,60.87
versicolor,1,157.5,1,5.8,2.9,4.14,1.28,9.23,53.73
versicolor,1,121.8,1,5.69,2.41,4.77,1.22,8.44,65.09
versicolor,1,234.2,2,5.56,2.12,4.02,1.06,7.44,71.19
versicolor,1,163.4,0,6.19,2.95,3.78,1.38,5.67,58.06
versicolor,1,297.3,2,5.9,2.21,4.04,0.97,7.76,65.05
versicolor,1,63.7,1,6.15,2.87,4.9,0.99,9.03,67.37
versicolor,1,138.8,1,6.59,2.54,4.71,1.86,7.61,66.1
versicolor,1,170.5,2,5.84,2.15,4.15,0.82,8.03,60.75
versicolor,1,175.8,0,5.78,2.82,4.62,1.31,8.42,55.81
versicolor,1,129.0,2,7.31,2.59,5.2,1.04,6.98,59.51
versicolor,1,232.3,0,6.1,2.42,4.5,1.56,8.62,62.75
versicolor,1,268.7,0,5.89,2.61,4.23,1.74,9.64,65.45
versicolor,1,284.7,2,6.52,2.4,4.18,1.41,7.83,62.0
versicolor,1,251.3,2,5.01,2.06,4.47,0.98,6.87,57.72
versicolor,1,262.6,0,5.78,3.04,4.85,1.45,7.93,63.33
versicolor,1,187.6,0,7.04,2.99,4.88,1.67,5.78,65.16
versicolor,1,256.5,0,6.62,2.65,4.42,1.09,8.34,62.28
versicolor,1,125.9,0,5.89,2.81,4.62,1.2,8.45,54.98
versicolor,1,149.6,1,6.03,3.1,4.46,1.3,9.68,58.91
versicolor,1,129.2,2,6.96,2.35,3.94,1.21,7.81,65.69
versicolor,1,166.8,0,6.45,3.08,3.87,1.37,8.41,51.7
versicolor,1,121.4,2,5.66,2.48,4.11,1.09,7.14,47.44
versicolor,1,290.4,0,5.5,2.75,4.4,1.35,7.64,69.05
versicolor,1,128.2,2,6.01,2.52,4.7,1.24,6.47,63.07
versicolor,1,74.5,2,6.33,2.17,3.48,1.03,7.81,63.64
versicolor,1,181.7,0,5.96,3.03,3.63,1.3,7.69,53.54
versicolor,1,64.3,0,6.01,3.2,3.43,1.01,8.3,64.43
versicolor,1,77.6,2,6.02,2.82,3.08,1.03,7.38,61.65
versicolor,1,104.8,2,6.33,1.8,4.25,1.17,8.08,50.49
versicolor,1,166.1,2,6.17,3.43,4.58,1.14,7.67,68.55
versicolor,1,158.3,1,5.75,2.88,3.24,1.61,7.67,60.95
versicolor,1,249.9,0,5.58,3.01,4.22,1.25,8.08,57.62
versicolor,1,234.9,1,5.66,2.36,3.4,1.39,8.04,57.73
versicolor,1,156.6,1,5.56,2.81,3.99,1.5,8.76,47.91
versicolor,1,133.4,0,6.7,3.74,4.11,1.63,7.88,63.56
versicolor,1,129.1,0,6.31,3.47,4.38,1.53,7.65,61.57
versicolor,1,243.5,1,5.77,2.84,3.98,1.45,7.82,58.84
versicolor,1,63.0,0,6.31,3.08,4.47,1.47,7.29,67.67
versicolor,1,53.2,2,6.71,2.24,5.22,1.22,7.64,51.7
versicolor,1,248.9,2,6.28,2.76,3.97,1.35,10.03,56.42
versicolor,1,169.3,1,5.04,2.71,3.9,1.22,7.09,54.9
versicolor,1,82.7,1,6.67,2.73,5.04,1.16,7.72,58.33
versicolor,1,108.9,0,6.37,2.08,4.6,1.21,7.61,60.4
versicolor,1,283.1,0,6.53,3.42,4.11,1.11,7.75,62.58
versicolor,1,264.9,1,5.36,3.43,4.42,1.65,7.67,57.92
versicolor,1,227.4,1,6.42,2.54,4.87,1.29,8.28,54.74
versicolor,1,170.6,2,5.68,2.14,3.72,0.96,6.29,70.12
versicolor,1,180.1,2,6.16,2.37,4.97,1.21,9.04,74.47
versicolor,1,293.8,0,4.92,3.14,3.43,1.57,8.63,60.86
versicolor,1,291.4,2,6.32,2.46,3.5,1.37,6.76,55.46
versicolor,1,103.8,0,6.65,3.14,4.95,1.15,5.73,68.85
versicolor,1,252.8,0,6.2,3.15,4.25,1.6,7.02,51.32
versicolor,1,99.3,0,6.24,3.15,3.66,1.23,7.76,57.99
versicolor,1,103.4,2,7.08,2.58,4.27,1.62,10.58,55.82
versicolor,1,219.0,1,5.38,2.8,4.36,1.22,8.54,53.04
versicolor,1,151.3,1,6.04,2.7,4.03,0.95,6.19,58.32
versicolor,1,282.9,2,5.67,2.84,3.28,0.89,7.31,54.81
versicolor,1,72.3,1,6.57,2.29,4.78,1.0,7.95,60.08
versicolor,1,177.9,0,5.85,3.48,4.7,1.34,8.25,60.16
versicolor,1,279.6,1,5.56,3.24,3.61,0.99,6.69,56.27
versicolor,1,276.0,2,5.62,2.58,3.45,0.65,7.87,57.78
versicolor,1,89.1,1,6.04,3.03,4.82,1.12,7.28,58.61
versicolor,1,141.7,0,6.46,3.31,3.42,1.38,6.9,64.86
versicolor,1,204.8,0,4.62,2.89,4.03,1.45,8.26,59.11
versicolor,1,89.8,2,6.41,2.63,4.81,1.07,8.77,64.95
versicolor,1,292.0,2,5.42,2.4,4.16,1.22,8.84,63.51
versicolor,1,278.7,2,5.61,2.44,4.64,1.14,8.57,63.43
versicolor,1,91.7,0,7.0,2.97,4.86,0.99,7.5,68.33
versicolor,1,80.3,1,5.5,2.54,4.72,1.55,8.71,53.28
versicolor,1,71.4,1,7.19,2.42,4.24,1.08,8.31,57.16
versicolor,1,277.4,2,5.34,2.37,4.07,1.2,8.13,70.58
versicolor,1,98.4,1,6.24,2.63,4.61,1.2,7.39,58.46
versicolor,1,154.1,1,6.65,2.77,3.4,1.3,7.5,43.11
versicolor,1,162.2,2,5.25,2.77,4.43,1.15,8.07,58.78
versicolor,1,199.8,2,5.51,2.79,4.51,1.49,10.44,60.81
versicolor,1,67.9,0,6.35,2.92,4.88,1.49,8.3,44.3
versicolor,1,106.7,0,5.29,2.73,5.14,1.44,7.39,68.0
versicolor,1,282.9,0,5.81,3.48,3.98,1.45,7.17,55.72
versicolor,1,277.1,0,4.97,3.34,3.28,1.44,7.51,61.97
versicolor,1,245.3,1,5.44,3.22,4.36,1.52,10.18,58.64
versicolor,1,54.9,1,6.2,2.92,4.89,1.36,7.6,52.27
versicolor,1,131.8,0,7.16,3.47,4.23,1.66,8.91,53.58
versicolor,1,207.0,0,5.2,3.32,3.82,1.49,7.62,54.39
versicolor,1,118.8,2,5.72,2.31,4.79,0.83,8.26,66.51
versicolor,1,277.4,1,6.08,2.96,4.3,1.12,8.79,59.11
versicolor,1,208.5,1,6.4,3.24,4.01,1.07,7.43,56.87
versicolor,1,68.0,0,6.52,2.94,4.15,1.26,7.36,54.39
versicolor,1,277.3,1,4.94,3.15,4.23,1.51,9.66,67.18
versicolor,1,289.4,2,5.93,2.42,4.42,1.13,8.98,68.79
versicolor,1,69.4,2,6.38,2.49,3.74,1.43,8.79,67.11
versicolor,1,183.1,1,6.14,2.68,4.67,1.13,8.79,62.95
versicolor,1,125.8,0,6.21,2.81,4.95,0.97,8.46,61.74
versicolor,1,148.2,1,5.88,2.63,5.08,1.5,10.02,52.7
versicolor,1,94.9,2,6.76,2.27,4.45,0.96,8.04,58.53
versicolor,1,194.5,0,5.32,2.48,2.9,1.36,8.58,55.9
versicolor,1,289.5,1,6.52,2.8,3.36,1.2,6.55,49.05
versicolor,1,175.8,0,5.67,2.9,3.9,1.52,7.18,66.34
versicolor,1,70.7,0,6.04,3.19,3.81,0.99,6.8,55.83
versicolor,1,205.0,2,5.44,2.59,4.3,1.15,9.27,67.18
versicolor,1,135.1,0,5.81,2.81,3.64,1.48,5.45,65.29
versicolor,1,264.0,1,6.4,2.84,3.4,1.12,7.6,63.34
versicolor,1,158.7,0,5.34,3.02,4.33,1.46,5.01,63.68
versicolor,1,98.2,0,5.62,3.51,4.09,1.7,7.17,56.31
versicolor,1,97.8,1,6.08,3.07,4.88,1.7,7.51,71.15
versicolor,1,242.2,2,5.09,1.81,5.44,1.01,9.38,60.26
versicolor,1,116.4,2,6.09,2.55,4.82,0.87,8.4,61.81
virginica,2,241.8,1,6.59,3.42,5.42,2.0,10.33,65.46
virginica,2,101.5,1,6.36,3.18,5.25,1.88,14.13,63.48
virginica,2,130.4,2,7.75,2.22,6.33,1.81,12.04,73.34
virginica,2,166.4,0,6.94,3.96,6.32,2.68,12.08,71.52
virginica,2,285.8,1,5.97,3.19,4.18,1.71,9.59,64.47
virginica,2,282.9,0,7.28,3.48,4.56,2.28,10.02,59.93
virginica,2,101.7,1,6.29,3.47,5.93,1.65,10.35,61.11
virginica,2,139.6,2,6.7,2.03,6.31,1.72,12.09,78.37
virginica,2,87.3,0,6.1,3.38,5.17,2.81,12.16,65.71
virginica,2,177.5,0,6.57,3.65,6.3,1.94,15.09,67.63
virginica,2,165.1,1,5.48,3.44,5.62,2.9,12.77,80.15
virginica,2,275.2,0,6.7,3.02,4.59,2.2,6.58,62.14
virginica,2,282.5,1,6.82,3.15,5.72,1.51,12.53,64.91
virginica,2,145.9,2,7.13,2.53,5.78,1.78,9.1,64.62
virginica,2,172.9,0,7.28,3.87,4.8,1.93,10.07,81.33
virginica,2,274.1,1,5.98,3.53,5.28,2.05,10.38,83.95
virginica,2,251.7,0,5.94,3.18,5.6,2.74,10.67,75.26
virginica,2,50.9,1,6.83,2.75,5.65,2.09,9.25,75.48
virginica,2,130.0,1,6.33,3.31,6.15,2.13,12.41,65.94
virginica,2,155.4,1,6.61,3.21,5.7,1.98,9.18,83.63
virginica,2,107.4,2,5.49,2.73,5.37,1.69,12.71,71.87
virginica,2,99.9,0,6.72,3.26,5.32,2.92,16.47,75.97
virginica,2,59.4,2,7.88,1.93,5.14,1.56,9.34,69.26
virginica,2,210.8,1,5.71,2.56,5.87,1.97,11.43,68.12
virginica,2,115.6,1,6.25,3.36,6.23,1.5,6.95,81.64
virginica,2,63.1,2,7.07,2.3,5.9,1.48,11.4,73.78
virginica,2,107.7,2,7.35,2.76,6.61,2.1,13.29,80.16
virginica,2,250.5,0,5.73,3.37,6.39,2.27,13.44,71.79
virginica,2,262.9,1,6.23,3.18,6.7,1.72,12.15,64.06
virginica,2,170.8,2,7.11,3.21,5.45,1.59,13.78,65.92
virginica,2,154.0,1,5.51,2.98,5.79,1.97,17.09,70.72
virginica,2,294.5,1,6.47,2.77,6.28,2.26,15.42,65.61
virginica,2,100.1,0,7.5,2.74,5.04,2.37,10.95,62.25
virginica,2,103.8,0,7.92,2.85,6.48,2.24,9.1,78.41
virginica,2,123.0,0,7.24,4.03,4.9,2.15,11.19,66.19
virginica,2,93.2,2,6.28,2.97,6.1,1.56,10.11,70.97
virginica,2,144.8,1,6.78,3.58,5.46,2.52,12.9,72.07
virginica,2,277.7,2,6.12,2.41,5.56,1.49,9.64,65.88
virginica,2,203.8,2,6.15,2.49,5.6,1.74,11.85,80.16
virginica,2,153.0,0,6.71,2.93,5.54,1.63,13.68,62.18
virginica,2,283.6,1,5.34,2.57,4.71,1.55,11.8,71.83
virginica,2,62.1,1,6.54,3.14,5.25,2.52,10.11,71.72
virginica,2,102.6,0,6.88,2.89,6.24,2.37,14.35,69.62
virginica,2,191.5,1,5.36,2.66,5.76,2.33,8.24,60.92
virginica,2,203.9,0,6.81,3.1,5.22,1.91,11.34,76.1
virginica,2,59.9,2,7.07,2.83,7.01,1.98,11.92,75.2
virginica,2,150.8,2,5.95,2.6,5.96,1.6,12.03,65.27
virginica,2,212.3,0,5.51,2.91,5.97,2.16,12.36,74.95
virginica,2,224.5,2,7.71,2.04,5.36,1.7,13.22,72.62
virginica,2,209.5,2,7.81,2.43,5.59,2.03,11.93,61.04
virginica,2,130.1,0,6.98,3.2,5.91,2.29,11.26,64.02
virginica,2,73.4,2,7.47,2.65,5.97,1.14,11.18,77.97
virginica,2,156.8,1,6.03,2.84,5.02,2.49,10.78,72.17
virginica,2,82.2,2,6.53,2.53,7.05,1.59,13.58,66.05
virginica,2,286.9,0,5.64,3.03,5.7,2.13,10.71,63.99
virginica,2,168.8,1,6.72,3.13,5.3,2.03,13.69,66.39
virginica,2,129.3,1,7.08,3.4,4.71,2.25,12.04,66.89
virginica,2,241.6,2,6.72,2.92,5.47,1.91,10.96,64.08
virginica,2,174.5,1,7.82,3.24,5.74,2.0,13.24,57.81
virginica,2,127.5,0,6.16,3.44,6.0,1.8,10.55,77.98
virginica,2,253.0,1,6.61,3.54,5.65,1.92,13.28,76.79
virginica,2,266.8,2,6.37,2.26,5.84,1.37,12.43,61.09
virginica,2,218.3,2,6.16,2.23,5.01,1.58,10.81,70.95
virginica,2,61.7,1,4.88,3.63,5.65,1.9,13.06,63.68
virginica,2,191.6,0,6.47,2.85,6.05,2.13,13.09,68.17
virginica,2,240.8,0,6.51,3.6,6.49,2.83,14.32,67.59
virginica,2,84.1,2,6.64,2.5,6.01,1.45,13.93,67.01
virginica,2,107.2,2,6.92,2.54,5.51,1.8,12.98,84.02
virginica,2,270.6,0,6.0,2.87,5.17,1.79,9.74,66.92
virginica,2,55.0,1,7.66,3.44,6.89,1.63,16.9,64.34
virginica,2,238.2,1,6.21,2.93,4.88,1.1,9.19,64.66
virginica,2,168.4,1,7.46,3.21,4.98,1.97,13.9,77.31
virginica,2,161.7,1,6.21,2.97,5.13,1.57,12.86,58.44
virginica,2,51.8,0,7.3,3.96,5.84,1.9,9.65,64.66
virginica,2,254.8,2,6.41,2.48,5.84,1.71,11.75,80.13
virginica,2,140.0,2,6.99,2.53,6.41,1.56,11.84,71.71
virginica,2,185.2,1,6.69,3.08,5.51,1.84,14.61,71.34
virginica,2,219.3,0,7.3,3.06,5.54,2.05,10.57,84.93
virginica,2,225.7,0,6.75,3.49,6.36,1.61,11.48,71.72
virginica,2,289.0,1,7.23,2.23,4.36,1.85,7.33,65.04
virginica,2,182.8,1,5.87,3.48,5.92,1.48,15.47,68.03
virginica,2,149.9,1,6.72,3.59,5.08,1.52,9.86,62.05
virginica,2,288.4,2,7.44,2.97,4.57,1.43,12.65,78.79
virginica,2,210.5,1,7.81,3.45,5.25,1.61,11.8,74.02
virginica,2,124.5,2,6.92,2.55,6.21,1.52,11.8,77.87
virginica,2,81.6,0,7.55,2.88,6.23,2.65,13.62,78.49
virginica,2,260.6,0,6.87,3.82,6.45,2.46,15.34,67.1
virginica,2,140.5,2,6.52,2.08,5.16,1.66,12.5,63.39
virginica,2,215.1,2,5.32,2.57,5.6,2.43,13.31,69.64
virginica,2,167.7,2,6.36,2.17,5.78,1.73,12.66,63.89
virginica,2,99.7,2,5.42,2.9,6.01,1.67,14.04,71.15
virginica,2,200.4,1,6.68,3.34,5.86,1.94,11.07,77.92
virginica,2,65.2,0,6.74,3.64,6.14,2.49,14.15,68.82
virginica,2,153.3,1,5.69,3.14,5.87,2.2,14.22,71.05
virginica,2,186.7,2,5.94,2.27,5.18,1.65,14.17,69.34
virginica,2,159.0,1,7.68,2.61,6.39,2.3,10.68,75.62
virginica,2,237.2,1,6.0,2.64,5.28,1.58,11.66,65.33
virginica,2,257.0,0,7.02,3.5,6.02,2.07,12.48,54.62
virginica,2,242.8,1,7.27,3.4,6.35,1.52,9.26,73.3
virginica,2,59.7,0,7.22,3.25,5.57,2.7,15.19,76.91
virginica,2,98.5,2,8.29,2.64,5.28,1.6,11.98,73.12
virginica,2,184.2,1,5.93,3.3,5.73,1.79,12.57,65.52
virginica,2,283.7,2,6.42,2.55,4.46,1.52,10.85,62.05
virginica,2,258.7,0,6.92,3.43,5.05,2.11,9.35,73.46
virginica,2,260.6,2,7.21,2.78,4.75,1.56,10.79,70.99
virginica,2,125.8,2,5.64,2.57,5.04,1.81,12.44,69.12
virginica,2,157.4,0,6.03,3.69,6.57,2.09,13.35,82.76
virginica,2,167.7,2,6.81,2.42,4.52,1.61,12.32,63.37
virginica,2,89.3,2,7.32,2.67,5.8,1.95,12.69,82.43
virginica,2,57.8,2,6.85,2.65,5.48,1.75,11.33,70.22
virginica,2,286.7,1,5.77,2.89,5.09,1.92,12.99,57.15
virginica,2,110.2,2,7.07,2.62,5.57,1.59,14.97,68.75
virginica,2,110.0,0,7.18,3.52,6.37,2.15,13.41,76.72
virginica,2,70.8,1,7.02,3.12,6.23,1.85,13.62,67.44
virginica,2,282.1,1,6.49,3.72,5.41,1.46,12.59,59.68
virginica,2,194.9,0,6.7,3.37,4.89,1.81,8.99,68.85
virginica,2,216.8,2,6.87,2.73,5.77,1.3,9.91,64.0
virginica,2,277.9,1,7.14,3.17,5.28,2.04,12.91,73.44
virginica,2,136.4,1,6.88,3.09,5.19,2.27,11.98,75.41
virginica,2,205.4,1,7.17,3.0,5.6,2.01,12.88,62.61
virginica,2,59.7,2,7.02,2.89,5.47,1.75,15.35,65.06
virginica,2,96.7,1,8.65,3.05,6.21,1.83,13.45,75.3
virginica,2,257.8,0,6.78,3.55,6.33,2.23,14.52,63.99
virginica,2,241.7,2,6.95,2.35,6.01,1.86,12.19,62.42
virginica,2,137.7,0,7.57,3.3,5.29,2.27,10.39,61.75
virginica,2,144.2,0,6.33,2.94,6.43,2.56,11.88,72.46
virginica,2,183.4,1,6.14,3.5,5.26,2.04,10.39,72.16
virginica,2,50.1,1,5.91,2.61,6.4,2.19,15.12,65.21
virginica,2,110.3,1,7.65,2.9,5.98,1.49,13.58,70.04
virginica,2,102.1,0,6.91,3.25,7.84,2.95,13.04,80.69
virginica,2,112.6,2,5.82,2.03,6.62,2.18,14.47,63.18
virginica,2,251.5,1,6.7,3.33,4.63,1.94,7.96,56.34
virginica,2,119.9,1,7.42,2.75,5.08,1.47,13.18,73.19
virginica,2,97.9,0,7.43,3.2,4.29,2.09,9.38,69.23
virginica,2,176.1,2,6.22,2.29,5.1,1.75,11.99,65.03
virginica,2,266.4,0,6.71,3.34,4.94,2.34,11.38,74.56
virginica,2,110.3,1,5.51,3.06,5.27,2.06,13.32,75.87
virginica,2,69.6,0,6.43,3.4,6.52,1.76,12.46,54.54
virginica,2,139.1,1,6.41,2.28,6.5,1.95,14.69,65.43
virginica,2,236.9,2,6.75,2.65,5.38,2.23,10.8,86.22
virginica,2,187.7,0,5.99,3.49,5.78,2.19,13.42,74.08
virginica,2,254.2,1,5.88,3.41,5.57,1.99,12.32,74.73
virginica,2,289.9,1,7.15,2.82,5.36,1.69,8.73,78.21
virginica,2,248.2,1,5.37,3.12,4.73,1.68,10.16,70.12
virginica,2,201.0,1,5.21,2.9,4.29,1.61,11.7,75.58
virginica,2,173.3,0,5.84,2.89,5.52,2.24,14.22,75.03
virginica,2,60.0,1,7.18,2.73,6.23,1.87,12.93,73.77
virginica,2,296.1,0,6.86,3.13,5.3,2.44,9.66,67.75
virginica,2,145.9,1,6.98,2.85,5.85,1.88,11.72,71.2
virginica,2,88.1,0,6.28,2.88,6.17,2.38,16.04,65.88
virginica,2,216.7,0,5.72,3.32,4.61,1.74,12.22,70.09
virginica,2,121.1,1,6.87,2.3,5.11,2.02,11.35,61.82
virginica,2,196.4,1,5.82,3.11,5.84,2.23,12.98,64.47
virginica,2,196.7,1,5.68,2.43,5.07,2.13,13.53,68.02
virginica,2,161.4,1,6.18,2.52,4.88,1.85,11.09,63.39
virginica,2,259.0,2,6.44,2.57,5.32,1.76,13.01,66.46
virginica,2,116.2,1,6.11,3.1,5.17,2.26,11.34,68.85
virginica,2,162.2,1,6.34,2.84,6.15,2.22,13.44,72.82
virginica,2,184.4,1,5.91,2.9,5.93,1.7,12.34,76.64
virginica,2,215.9,0,5.83,3.25,6.11,2.41,12.96,66.75
virginica,2,246.0,1,7.13,2.54,4.85,1.73,10.48,79.35
virginica,2,148.7,0,7.63,3.23,6.55,2.43,10.36,76.57
virginica,2,211.5,0,6.15,3.47,5.54,1.85,13.89,73.53
virginica,2,87.7,0,6.69,3.26,6.54,1.85,11.84,71.08
virginica,2,283.2,0,6.04,3.21,4.65,2.42,12.57,72.23
virginica,2,145.8,2,6.98,2.53,5.5,1.52,11.39,78.31
virginica,2,232.4,1,6.71,3.57,5.39,1.94,13.8,78.57
virginica,2,55.1,0,6.08,3.33,5.74,2.46,10.78,79.34
virginica,2,101.3,1,6.47,3.33,5.16,1.51,11.73,70.29
virginica,2,171.8,0,5.53,3.26,6.02,2.4,13.57,73.88
virginica,2,269.6,2,5.39,2.32,5.85,1.88,14.35,79.4
virginica,2,181.8,0,5.08,3.2,5.22,2.28,10.95,65.63
virginica,2,282.5,1,6.84,3.15,5.8,2.39,15.92,67.77
virginica,2,170.9,1,6.21,3.45,5.23,1.55,12.63,70.11
virginica,2,172.6,2,6.74,2.76,5.92,1.85,9.91,76.3
virginica,2,79.9,1,8.14,2.73,5.51,2.08,12.74,76.41
virginica,2,250.7,1,7.28,2.55,6.17,1.9,11.23,68.38
virginica,2,111.7,0,5.93,3.38,6.11,2.03,12.87,59.44
virginica,2,274.9,1,5.54,3.02,6.03,1.79,11.91,71.72
virginica,2,277.7,0,7.05,3.35,5.37,2.41,12.15,63.57
virginica,2,285.8,2,6.19,2.11,6.19,1.64,10.18,59.57
virginica,2,180.1,1,7.0,3.16,5.48,1.99,13.98,61.15
virginica,2,219.3,0,6.91,3.83,4.62,2.09,9.69,72.28
virginica,2,244.6,1,6.56,3.1,5.6,2.08,9.78,79.53
virginica,2,82.8,0,6.73,2.99,6.62,1.8,12.73,70.27
virginica,2,200.2,2,6.12,1.91,5.94,2.16,15.21,71.48
virginica,2,58.6,0,7.32,3.49,5.49,2.48,11.29,78.28
virginica,2,174.4,1,6.74,2.75,5.45,1.72,13.4,59.19
virginica,2,88.7,0,6.54,3.1,7.25,2.5,14.15,73.64
virginica,2,95.7,1,7.63,3.11,5.96,2.03,13.63,69.92
virginica,2,141.3,2,6.96,2.73,5.36,2.05,11.38,73.96
virginica,2,158.1,0,6.62,2.6,4.83,2.16,9.82,66.62
virginica,2,205.8,1,6.2,2.58,5.97,2.06,7.58,64.27
virginica,2,68.6,1,7.18,3.13,6.04,2.05,11.47,70.98
virginica,2,175.9,1,6.9,2.75,6.02,2.62,14.36,81.54
virginica,2,95.7,0,9.12,2.93,6.37,2.63,9.75,76.03
virginica,2,193.5,0,6.77,3.14,5.6,1.67,13.4,66.45
virginica,2,209.4,0,5.35,3.11,6.19,1.84,10.1,60.61
virginica,2,189.2,2,5.11,2.56,4.3,1.86,12.21,58.23
virginica,2,234.6,1,7.55,3.17,4.5,2.01,13.42,79.21
virginica,2,133.9,1,6.86,3.15,5.18,1.88,10.68,63.31
virginica,2,241.3,2,4.75,2.34,4.62,1.84,12.34,67.72
virginica,2,158.2,2,6.55,2.13,5.1,1.78,11.17,79.25
virginica,2,171.0,0,6.34,3.09,4.99,2.29,13.41,58.7
virginica,2,212.0,0,6.19,3.37,5.25,2.5,12.47,80.45
virginica,2,54.6,0,5.67,3.58,7.05,1.76,12.11,68.22
virginica,2,213.5,0,5.92,3.04,5.28,2.14,15.12,61.96
virginica,2,204.6,0,6.98,2.79,6.33,2.52,13.32,68.27
virginica,2,127.5,0,6.41,3.7,5.0,1.28,10.62,64.94
virginica,2,71.4,2,6.92,2.38,6.15,1.61,11.83,73.09
virginica,2,72.7,2,5.79,2.66,5.83,1.88,11.85,65.46
virginica,2,280.8,2,6.83,3.13,5.86,1.49,12.16,56.62
virginica,2,222.3,1,6.0,3.08,5.88,2.37,17.05,68.46
virginica,2,81.8,1,6.19,3.02,6.07,2.03,12.74,60.5
virginica,2,139.2,0,7.57,3.25,6.2,2.16,7.93,71.43
virginica,2,198.1,2,5.85,2.59,5.67,1.67,10.91,61.69
virginica,2,258.9,1,6.56,3.02,4.35,1.58,8.14,66.58
virginica,2,60.9,1,7.39,2.79,5.08,2.28,11.34,71.28
virginica,2,109.2,2,6.64,2.6,4.51,1.47,8.03,68.51
virginica,2,272.4,1,6.23,2.87,4.98,1.34,10.26,71.75
virginica,2,52.3,1,8.1,2.45,5.96,1.74,8.96,74.76
virginica,2,100.3,2,7.47,2.56,6.56,1.68,12.77,61.89
virginica,2,289.8,1,5.77,3.29,5.68,1.82,12.0,69.55
virginica,2,203.4,2,7.09,2.23,5.22,1.76,12.61,46.69
virginica,2,115.4,1,6.84,3.01,6.03,1.83,11.79,71.73
virginica,2,66.7,2,7.79,2.81,4.56,1.4,9.21,67.89
virginica,2,57.0,1,6.68,3.47,5.97,2.1,13.03,63.12
virginica,2,111.2,1,7.72,2.77,6.08,2.28,15.84,72.21
virginica,2,270.4,2,7.54,2.49,6.37,1.42,12.82,78.21
virginica,2,154.0,1,6.16,2.64,5.07,1.45,11.15,66.67
virginica,2,230.1,2,7.02,2.48,4.7,1.46,9.14,63.39
virginica,2,279.6,2,5.92,3.0,5.4,1.33,10.18,71.16
virginica,2,152.0,1,6.24,2.96,5.0,2.47,12.91,60.65
virginica,2,97.8,0,6.83,3.05,6.58,2.6,14.15,65.38
virginica,2,179.3,1,7.09,3.0,5.39,2.14,12.52,78.56
virginica,2,277.0,0,6.71,3.42,5.93,2.76,13.6,70.44
virginica,2,251.1,0,6.63,3.21,4.63,1.43,13.42,56.84
virginica,2,66.5,1,6.75,3.33,5.5,2.07,13.01,57.42
virginica,2,223.1,0,7.07,3.2,5.28,1.9,10.68,71.13
virginica,2,193.0,2,6.1,2.62,5.77,1.63,12.35,76.04
virginica,2,276.9,2,6.23,2.0,5.19,1.67,10.3,58.68
virginica,2,80.6,0,6.79,3.25,5.53,2.49,12.03,73.15
virginica,2,183.5,2,5.57,2.6,6.09,1.62,12.66,79.31
virginica,2,269.9,1,6.43,3.24,5.61,1.95,15.36,83.22
virginica,2,152.5,2,7.61,2.6,5.14,1.75,9.38,72.32
virginica,2,170.5,0,5.96,3.13,5.69,2.11,12.96,73.55
virginica,2,67.6,1,8.38,2.77,5.85,2.21,14.96,55.07
virginica,2,119.5,2,7.34,2.6,5.8,1.77,13.52,84.7
virginica,2,131.1,1,5.3,2.8,6.65,1.36,13.67,65.97
virginica,2,286.3,0,4.55,3.59,6.1,1.79,13.18,63.47
virginica,2,120.7,2,6.21,2.17,6.03,1.54,14.6,68.21
virginica,2,165.2,1,6.82,2.12,5.25,1.77,9.83,80.58
virginica,2,217.8,1,6.39,2.9,4.77,1.61,9.23,85.46
virginica,2,90.5,2,6.97,2.66,6.23,1.26,11.99,70.88
virginica,2,171.6,1,6.72,2.44,5.96,1.69,7.68,76.99
virginica,2,234.6,1,6.46,3.33,4.24,2.34,14.46,70.3
virginica,2,266.7,0,7.55,3.42,4.84,2.45,14.44,62.74
virginica,2,206.6,0,5.57,3.76,5.49,2.18,11.13,80.34
virginica,2,217.3,0,5.46,2.79,5.04,2.19,11.26,65.65
virginica,2,81.6,0,7.93,3.36,6.66,2.14,11.86,80.75
virginica,2,286.4,0,6.16,3.63,4.44,2.55,12.1,79.09
virginica,2,83.1,0,7.06,4.21,5.82,1.82,12.25,74.3
virginica,2,243.7,2,7.22,2.68,5.87,1.79,13.12,82.8
virginica,2,116.2,0,7.18,3.78,5.93,1.94,11.65,85.63
virginica,2,283.4,1,6.42,2.75,5.23,2.5,13.89,68.77
virginica,2,230.0,2,6.89,2.42,5.99,1.63,12.89,64.34
virginica,2,238.5,1,6.6,2.31,5.16,2.05,10.79,56.95
virginica,2,104.8,0,6.95,3.19,5.45,2.7,14.67,85.71
virginica,2,160.8,0,5.19,3.23,4.41,1.69,9.28,66.92
virginica,2,204.5,1,6.49,3.06,5.0,1.69,11.82,77.95
virginica,2,242.5,1,7.16,3.32,6.75,1.66,13.93,64.81
virginica,2,76.0,1,6.64,3.12,5.22,2.04,10.55,80.77
virginica,2,290.6,2,6.75,2.35,6.27,1.8,12.62,65.1
virginica,2,272.6,0,7.19,2.71,4.63,2.17,13.09,61.66
virginica,2,117.6,1,6.28,2.65,4.81,1.88,10.28,68.54
virginica,2,255.7,0,5.85,3.61,5.12,1.81,11.86,66.28
virginica,2,179.6,1,6.11,3.2,4.65,1.51,11.69,74.17
virginica,2,165.5,0,6.49,2.62,5.12,1.98,10.9,69.64
virginica,2,128.6,2,6.66,2.91,6.63,2.02,16.6,74.39
virginica,2,195.2,0,6.55,3.11,4.58,2.42,10.47,67.96
virginica,2,232.5,1,7.22,2.64,5.55,2.08,14.01,65.34
virginica,2,152.7,0,6.06,3.56,4.89,2.42,11.21,65.92
virginica,2,207.3,2,6.95,2.23,6.09,1.54,9.83,84.31
virginica,2,224.8,2,6.73,2.45,5.8,1.82,12.21,71.58
virginica,2,227.8,0,5.1,3.2,4.55,2.41,13.3,56.11
virginica,2,63.0,1,8.24,3.39,6.63,2.18,13.84,66.36
virginica,2,264.9,2,6.47,2.1,5.24,1.91,15.12,70.68
virginica,2,164.6,2,5.26,2.6,5.47,1.93,17.89,82.92
virginica,2,115.6,0,7.27,3.44,5.71,1.69,12.5,77.2
virginica,2,110.4,2,7.27,2.73,5.76,1.52,10.67,63.55
virginica,2,170.8,2,6.73,2.89,5.71,1.59,12.91,86.93
virginica,2,271.7,1,6.14,3.14,5.27,2.64,11.47,69.78
virginica,2,144.6,1,5.81,2.94,5.72,2.26,13.85,78.72
virginica,2,237.4,1,7.03,3.07,4.33,1.81,9.41,61.91
virginica,2,74.2,0,6.99,2.99,4.81,2.99,16.74,53.21
virginica,2,169.0,2,5.98,2.53,5.58,1.76,13.71,60.14
virginica,2,297.9,0,5.92,2.74,4.66,1.83,8.63,47.25
virginica,2,242.6,2,6.89,2.87,5.41,1.85,10.58,84.78
virginica,2,102.6,2,7.47,2.14,6.14,1.61,13.63,71.5
virginica,2,175.4,2,7.09,2.76,5.1,1.55,14.35,63.53
virginica,2,108.4,1,6.34,3.09,5.7,2.17,9.46,73.17
virginica,2,152.4,0,6.42,3.18,5.49,2.54,13.43,71.33
virginica,2,245.0,0,6.09,3.43,5.34,2.38,8.11,74.35
virginica,2,242.8,2,6.64,2.78,4.83,1.16,11.82,78.47
virginica,2,107.0,0,6.65,2.54,6.08,1.75,14.22,67.97
virginica,2,280.6,1,7.23,3.35,6.17,1.63,10.9,63.84
virginica,2,198.1,0,6.69,3.01,4.6,1.72,8.99,75.79
virginica,2,145.0,2,5.75,1.96,5.82,1.65,12.29,75.62
virginica,2,175.5,1,6.13,3.21,5.34,1.79,10.79,70.71
virginica,2,201.3,1,6.35,3.25,6.28,2.07,13.26,85.24
virginica,2,190.0,2,6.8,2.75,4.44,1.68,10.23,66.94
virginica,2,171.6,0,5.88,3.36,4.13,1.91,10.45,63.7
virginica,2,176.2,2,6.17,2.43,5.22,1.88,7.96,72.93
virginica,2,94.1,0,7.74,3.48,6.52,2.31,12.34,65.28
virginica,2,253.2,0,5.54,3.54,4.82,1.76,11.68,73.47
virginica,2,185.4,1,6.94,3.36,5.72,2.39,9.62,64.17
virginica,2,82.8,2,7.48,2.67,5.52,1.42,12.39,67.2
virginica,2,241.5,1,6.73,3.48,5.71,2.28,14.05,83.24
virginica,2,283.1,2,7.01,2.8,6.08,1.87,11.57,67.16
virginica,2,286.8,2,5.56,2.73,5.2,1.8,12.54,64.41
virginica,2,142.3,1,6.47,3.14,5.09,2.1,12.55,78.19
virginica,2,83.9,2,7.15,2.46,5.46,1.24,9.59,62.64
virginica,2,179.6,2,6.69,2.27,6.17,1.93,16.11,65.15
virginica,2,78.2,0,7.54,3.92,5.39,2.02,11.06,74.04
virginica,2,283.5,2,5.16,2.19,5.07,2.02,13.31,76.57
virginica,2,95.9,2,5.92,2.73,5.39,1.52,13.54,78.54
virginica,2,113.2,1,7.35,3.15,5.76,2.11,11.72,64.77
virginica,2,151.7,1,5.76,3.36,5.86,2.07,13.21,74.17
virginica,2,145.8,2,6.83,2.28,5.48,1.5,12.49,66.74
virginica,2,248.7,0,6.65,3.04,4.85,2.2,9.16,65.76
virginica,2,164.1,0,6.82,4.22,5.09,2.62,11.34,78.42
virginica,2,92.7,1,6.0,3.34,6.57,2.3,10.77,66.15
virginica,2,116.8,2,7.04,2.9,5.69,1.56,11.08,71.95
virginica,2,177.3,2,6.95,2.43,5.38,1.42,9.39,71.09
virginica,2,86.9,0,6.72,3.58,6.08,2.21,14.25,62.5
virginica,2,202.9,0,5.37,3.11,5.18,2.97,15.2,76.76
virginica,2,191.4,0,6.44,3.29,5.81,2.49,13.96,73.92
virginica,2,228.7,1,7.26,3.26,5.86,2.04,14.54,56.1
virginica,2,284.4,2,6.44,2.45,5.87,1.4,11.31,71.94
virginica,2,278.1,1,6.07,3.2,4.64,2.05,10.73,64.59
virginica,2,286.5,2,5.99,2.74,4.72,2.14,10.44,77.68
virginica,2,111.2,1,7.43,2.55,6.29,1.86,13.29,59.88
virginica,2,82.9,2,6.57,2.51,6.69,1.76,12.45,67.5
virginica,2,125.6,0,6.45,3.2,6.24,2.01,11.85,72.53
virginica,2,273.8,0,6.11,3.5,4.98,2.82,14.59,70.38
virginica,2,293.0,0,6.5,3.64,5.59,2.0,12.81,75.34
virginica,2,264.8,1,7.05,3.3,5.12,2.25,10.32,59.37
virginica,2,77.5,0,6.52,3.46,5.32,1.9,10.64,81.56
virginica,2,286.9,2,6.48,2.65,5.8,1.31,13.36,73.68
virginica,2,155.8,1,6.8,3.42,5.45,2.47,14.08,79.52
virginica,2,52.3,2,8.03,3.01,5.81,2.02,13.1,76.12
virginica,2,160.6,1,6.26,3.07,4.99,2.1,15.79,69.92
virginica,2,61.5,2,6.98,1.97,6.52,1.63,15.27,61.01
virginica,2,186.0,2,6.45,2.51,6.23,1.64,12.88,66.06
virginica,2,134.6,1,6.99,3.01,6.41,1.15,10.32,81.13
virginica,2,168.4,1,5.98,3.26,4.88,2.37,9.38,79.7
virginica,2,203.3,0,6.04,3.08,5.49,2.58,11.23,65.66
virginica,2,267.2,0,5.38,3.06,6.09,2.32,13.51,50.27
virginica,2,215.5,2,6.01,1.8,5.92,2.14,15.65,68.51
virginica,2,158.5,2,5.2,1.74,5.77,1.42,12.83,67.99
virginica,2,254.9,2,6.35,2.91,5.98,1.89,14.34,68.25
virginica,2,276.4,1,5.61,3.06,5.83,2.47,11.51,73.7
virginica,2,79.9,1,6.83,3.25,5.07,2.03,13.25,76.13
virginica,2,183.0,0,6.97,4.11,5.67,2.49,13.65,76.93
virginica,2,121.1,2,7.12,2.25,5.17,1.26,8.04,73.12
virginica,2,61.8,0,6.49,3.1,6.52,2.03,11.17,57.39
virginica,2,217.1,1,6.05,3.6,6.11,2.07,13.9,67.61
virginica,2,265.7,1,6.98,2.58,5.13,2.15,12.55,86.13
virginica,2,90.7,1,7.53,2.65,5.79,1.54,9.61,72.62
virginica,2,253.1,0,7.03,3.46,5.27,2.36,7.14,72.57
virginica,2,263.3,1,7.42,2.75,5.07,1.82,11.27,72.52
virginica,2,278.6,2,6.01,2.33,4.83,1.9,11.86,72.91
virginica,2,116.3,0,6.82,3.29,4.68,1.89,10.23,53.32
virginica,2,276.0,1,6.33,2.95,5.93,2.19,12.29,68.32
virginica,2,130.2,0,7.02,3.15,6.1,2.68,13.01,69.73
virginica,2,188.1,0,6.94,3.42,4.99,1.83,13.34,78.97
virginica,2,62.6,1,7.85,2.86,5.63,1.75,7.29,70.33
virginica,2,61.0,1,6.42,3.06,5.77,1.78,9.37,58.47
virginica,2,230.1,0,6.54,3.31,5.61,2.28,11.39,73.01
virginica,2,161.1,0,6.91,3.3,6.77,2.6,13.14,64.37
virginica,2,114.1,1,6.87,2.84,6.36,2.11,12.98,61.48
virginica,2,97.6,2,7.03,2.28,5.8,0.93,12.94,64.16
virginica,2,217.5,0,5.74,3.25,6.31,2.09,11.23,73.8
virginica,2,50.1,0,7.18,3.78,5.13,2.42,11.34,78.81
virginica,2,251.5,2,5.63,2.89,4.85,1.72,10.54,73.38
virginica,2,69.8,1,7.0,3.24,6.41,2.31,13.54,74.42
virginica,2,97.9,1,7.08,2.73,6.72,1.9,10.16,73.31
virginica,2,146.6,2,7.69,2.38,5.41,1.76,13.7,70.71
virginica,2,171.2,1,6.16,3.07,5.3,1.88,12.42,74.88
virginica,2,138.7,1,6.35,3.19,4.78,2.32,11.91,53.07
virginica,2,130.2,0,7.41,3.32,4.85,2.3,10.69,70.78
virginica,2,291.0,0,5.67,3.16,4.5,2.11,9.29,62.69
virginica,2,210.4,0,6.52,3.03,5.82,2.46,10.7,78.14
virginica,2,55.9,2,5.42,2.78,6.13,1.68,11.34,68.97
virginica,2,157.5,1,5.8,1.93,4.81,2.03,7.26,70.22
virginica,2,268.8,1,5.36,2.51,5.16,1.93,11.61,59.46
virginica,2,125.4,0,7.49,3.06,7.68,2.17,13.85,77.12
virginica,2,73.6,0,6.79,3.25,4.72,2.26,13.13,74.39
virginica,2,239.6,2,6.38,2.24,5.3,1.71,11.01,73.9
virginica,2,201.5,1,5.16,3.2,5.64,1.43,12.09,64.31
